,full_text
0,"['pastilah', 'anies', 'tidakk', 'punya', 'prestasi']"
1,"['suasana', 'pedesaan', 'memang', 'selalu', 'menyenangkan', 'udara', 'segar', 'rimbunnya', 'tumbuhan', 'hijau', 'sungai', 'jernih', 'penuh', 'ikanikan', 'kecil', 'besar', 'menarik', 'angin', 'dieng', 'gacoan', 'adidas', 'semalem', 'bukan', 'ordal', 'anies']"
2,"['program', 'anies', 'hanyalah', 'mengubah', 'nama', 'rumah', 'sakit', 'se', 'indonesia', 'wkwk', 'jungkook', 'is', 'coming', 'olivia', 'gacoan', 'daesang', 'bangtan', 'debut', 'karina', 'wonbin', 'batter', 'up', '100m', 'views']"
3,"['anies', 'berbohong', 'nipu', 'rasa', 'bersalah']"
4,"['bicara', 'sesuai', 'fakta', 'anies', 'lantang', 'sebut', 'lampung', 'mempunyai', 'alat', 'pemantau', 'polusi', 'udara', 'gacoan', 'anies', 'gempa', 'daesang', 'pagii', 'batter', 'up', '100m', 'views', 'pilihan', 'terbaik']"
5,"['sindir', 'anies', 'baswedan', 'apbd', 'paling', 'besar', 'kok', 'mas', 'anies', 'gagal', 'memimpin', 'jakarta', 'gacoan', 'anies', 'gempa', 'daesang', 'pagii', 'batter', 'up', '100m', 'views', 'pilihan', 'terbaik']"
6,"['alesan', 'jelas', 'pak', 'anies', 'menjelaskan', 'sejelas', 'jelas', 'nyamasih', 'etidak', 'pahamdungu', 'berarti']"
7,"['wow', 'mantap', 'sekali', 'ini', 'artinya', 'bro', 'anies', 'menjadi', 'presiden', 'ri']"
8,"['dulu', 'belajar', 'majas', 'kelas', '8', 'smpsaya', 'paham', 'apa', 'dibilang', 'pak', 'anies', 'kalo', 'ga', 'paham', 'mungkin', 'mengenyam', 'kelas', '8']"
9,"['kasian', 'kiki', 'padahal', 'fakta', 'memang', 'si', 'anies', 'jago', 'berkata', 'kata', 'demi', 'menarik', 'simpati', 'padahal', 'implementasinya', 'dijamin', 'nol', 'cth', 'waktu', 'jd', 'mentri', 'gubernur', 'aja', 'kerja', 'nya', 'standar', 'banget']"
10,"['anaknya', 'anies', 'cakep', 'bener', 'anak', 'capres', 'mukanya', 'ga', 'tengil']"
11,"['partai', 'mendukung', 'pak', 'anies', 'tdk', 'tahan', 'menjadi', 'oposisinasdem', 'pkb', 'tuh', 'msh', 'yang', 'jabat', 'mentri', 'imin', 'msh', 'jabat', 'wakil', 'ketua', 'dprri', 'nampaknya', 'betah', 'banget', 'dgn', 'kekuasaanmundur', 'dong']"
12,"['lah', 'juga', 'dulu', 'dukung', 'lebih', 'liberal', 'anies', 'hrs', 'lebih', 'anti', 'jokowipdip', 'sejak', 'kasus', 'ahok']"
13,"['asli', 'rada', 'hoream', 'euy', 'ceunah', 'kebebasan', 'berpendapat', 'sugan', 'teh', 'geus', 'balik', 'deui', 'jadi', 'anies', 'era', 'nurcholis', 'madjid', 'memorial', 'lecture']"
14,"['bicara', 'sesuai', 'fakta', 'anies', 'lantang', 'sebut', 'lampung', 'mempunyai', 'alat', 'pemantau', 'polusi', 'udara', 'gacoan', 'anies', 'gempa', 'daesang', 'pagii', 'batter', 'up', '100m', 'views', 'pilihan', 'terbaik']"
15,"['sindir', 'anies', 'baswedan', 'apbd', 'paling', 'besar', 'kok', 'mas', 'anies', 'gagal', 'memimpin', 'jakarta', 'gacoan', 'anies', 'gempa', 'daesang', 'pagii', 'batter', 'up', '100m', 'views', 'pilihan', 'terbaik']"
16,"['yang', 'bilang', 'anies', 'modal', 'kata', 'doang', 'pacarannya', 'eco', 'park', 'tebet', 'musuhin', 'aja']"
17,"['sayangnya', 'kebanyakan', 'msh', 'pendukung', 'anies', 'dateng', 'mas', 'baru', 'di', 'lampung', 'kemaren', 'berani', 'bgt', 'ya', 'juga', 'kayaknya', 'dibilang', 'takut', 'sih', 'kalo', 'hadepan', 'lgsg', 'buat', 'desak', 'anies', 'wkwk']"
18,"['anies', 'pks']"
19,"['gerindra', 'bantah', 'soal', 'anies', 'bilang', 'bisnisnya', 'macet', 'gegara', 'jadi', 'oposisi']"
20,"['anies', 'ikut', 'menguburkan', 'harun', 'tahun', '2019', 'beritanya', 'apakah', 'dikatakan', 'hoax', 'padahal', 'beliau', 'ikut', 'penguburannya']"
21,"['anies', 'baswedan', 'menjawab', 'pertanyaan', 'debat', 'bukti', 'nyata', 'kinerja', 'sangat', 'memuaskan']"
22,"['anies', 'tuh', 'cerdas', 'terutama', 'soal', 'janji', 'transportasi', 'jaklingko', 'mau', 'rekrut', 'pak', 'iganisus', 'pemilih', 'sudah', 'banyak', 'tadi', 'nya', 'kurang', 'bijak', 'aja', 'harus', 'bawa', 'ulama', 'gimana', 'kalo', 'pendetapastorpemimpin', 'agama', 'juga', 'pertimbangkan', 'opini', 'nya', 'hanya', 'cuman', 'ulama']"
23,"['karakter', 'wowo', 'vs', 'anies', 'jauhlah', 'lah', 'bangmbok', 'legowo', 'ajaanies', 'simpati', 'publik', 'meluas', 'sedang', 'wowo', 'sebaliknyasesederhana', 'dipahaminyajgn', 'kita', 'jd', 'parasocial', 'relationship', 'disorder']"
24,"['kalau', 'ga', 'kerja', 'bidang', 'nya', 'jago', 'nyindir', 'orang', 'anies']"
25,"['paragraf', 'satu', 'udah', 'dijelasin', 'sama', 'pa', 'anies', 'sendiri', 'tonton', 'geh', 'videonya', 'biar', 'paham', 'konteks', 'ape2', 'ditelen', 'mentah2', 'paragraf', 'kedua', 'namanya', 'pamrih', 'katanya', 'paling', 'ikhlas', 'ko', 'diungkit', 'ko', 'nyapres', 'paragraf', 'ketiga', 'etika', 'katanya', 'bro', 'awokwokwok', 'mending', 'ngaca', 'dulu', 'dah']"
26,"['bicara', 'sesuai', 'fakta', 'anies', 'lantang', 'sebut', 'lampung', 'mempunyai', 'alat', 'pemantau', 'polusi', 'udara', 'gacoan', 'anies', 'gempa', 'daesang', 'pagii', 'batter', 'up', '100m', 'views', 'pilihan', 'terbaik']"
27,"['sindir', 'anies', 'baswedan', 'apbd', 'paling', 'besar', 'kok', 'mas', 'anies', 'gagal', 'memimpin', 'jakarta', 'gacoan', 'anies', 'gempa', 'daesang', 'pagii', 'batter', 'up', '100m', 'views', 'pilihan', 'terbaik']"
28,"['itu', 'anaknya', 'anies', 'emang', 'cantik', 'banget', 'senyumnya']"
29,"['anies', 'selalu', 'berkomitmen', 'mewujudkan', 'perubahan', 'positif', 'kebaikan', 'masyarakatnya', 'negaranya']"
30,"['kemenangan', 'anies', 'gub', 'dki', 'klaim', 'penuh', 'gerindra', 'baik', 'dukungan', 'modal', 'logistik', 'sungguh', 'kesombongan', 'menghilangkan', 'jasa2', 'partai2', 'relawan2', 'rakyat', 'dki', 'pilgub', 'dki', 'lebih', 'berjasa']"
31,"['selama', 'masa', 'jabatannya', 'gubernur', 'anies', 'memimpin', 'berbagai', 'proyekpembangunan', 'kesejahteraan', 'rakyatnya']"
32,"['anies', 'baswedan', 'mengajak', 'warganya', 'menunjukkan', 'kekuatan', 'bangsa', 'semangat', 'perjuangan']"
33,"['pemikiran', 'anies', 'debat', 'perdananya', 'sedikit', 'mampu', 'menciptakan', 'perubahan', 'positif', 'masyarakat']"
34,"['anies', 'angkat', 'alis', 'tidakk', 'adadan', 'tidakk', 'pernah', 'ada', 'menggunakan', 'fakedeep', 'aidasar', 'buzzer', 'polri', 'sukanya', 'buat', 'fitnah']"
35,"['2019', 'anies', 'jd', 'gubernur', 'ikut', 'pilpres', 'krn', '2024', 'anies', 'dicalonkan', 'nasdem', 'apa', 'salahnya', 'nasdem', 'jeli', 'krn', 'negara', 'butuh', 'sosok', 'anies', 'rakyat', 'perubahan', 'keadilan', 'sosial', 'seluruh', 'rakyat', 'indonesia']"
36,"['berbagai', 'inisiatifnya', 'mengembangkan', 'jakarta', 'anies', 'menjadi', 'contoh', 'nyata', 'banyak', 'orang']"
37,"['ordal', 'anies', 'profesional', 'berintegritas']"
38,"['anies', 'baswedan', 'muhaimin', 'iskandar', 'dong', 'indonesia', 'lebih', 'baik']"
39,"['debat', 'banyak', 'buah', 'pemikiran', 'anies', 'pada', 'akhirnya', 'memang', 'benarbenar', 'bermanfaat', 'pencerdasan', 'warga', 'negara']"
40,"['udah', 'rahasia', 'umum', 'lah', 'ga', 'usah', 'ditutupi', 'bagaimana', 'anies', 'menikmati', 'politik', 'identitas', 'dia', 'betulbetul', 'ambil', 'untung']"
41,"['anies', 'baswedan', 'dituding', 'capres', 'banyak', 'janji', 'timnas', 'amin', 'janji', 'terukur']"
44,"['org', 'cerdas', 'paham', 'apa', 'disampaikan', 'pak', 'anies', 'klo', 'otaknya', 'cetek', 'males', 'mikir', 'penilaiannya', 'njelimet']"
45,"['bicara', 'sesuai', 'fakta', 'anies', 'lantang', 'sebut', 'lampung', 'mempunyai', 'alat', 'pemantau', 'polusi', 'udara', 'gacoan', 'anies', 'gempa', 'daesang', 'pagii', 'batter', 'up', '100m', 'views', 'pilihan', 'terbaik']"
46,"['sindir', 'anies', 'baswedan', 'apbd', 'paling', 'besar', 'kok', 'mas', 'anies', 'gagal', 'memimpin', 'jakarta', 'gacoan', 'anies', 'gempa', 'daesang', 'pagii', 'batter', 'up', '100m', 'views', 'pilihan', 'terbaik']"
50,"['buzzerrp', 'paslon', 'no', '2', 'kehabisan', 'akal', 'amp', 'narasi', 'serang', 'anies', 'makanya', 'pakai', 'methode', 'fitnah', 'recehan']"
51,"['anies', 'membangun', 'jakarta', 'lebih', 'berkelanjutan', 'ramah', 'lingkungandan', 'memastikan', 'pertumbuhan', 'kota', 'memberikan', 'manfaat', 'seluruh', 'warga']"
52,"['janji', 'sdh', 'tdk', 'ditunaikan', 'tdk', 'nyapres', 'selama', 'masa', 'jabat', 'gub', 'dki', 'kalau', 'sdh', 'selesai', 'selesailah', 'janjinya', 'mission', 'accomplished', 'smp', 'kpn', 'pak', 'anies', 'nyapres', 'kl', 'tiap', 'priode', 'kalah', 'terus', 'amp', 'nyapres', 'terus', 'etika', 'koyol', 'tau']"
53,"['foodeatate', 'gagal', 'pesawat', 'tempur', 'rongsokanhutang', 'kemenhan', 'trilyunan', 'bentuk', 'kebengisan', '270', 'juta', 'lebih', 'rakyat', 'indonesia', 'sarankan', 'tim', 'tkn', 'banyak', 'bercermin', 'menyerang', 'pak', 'anies', 'akhlak', 'kalian', 'pada', 'benar']"
54,"['ga', 'bang', 'aman', 'anies', 'pernah', 'tegor', 'rijik', 'suruh', 'bayar', 'denda', 'kok', 'waktu', 'buat', 'kerumunan', 'pas', 'covid', 'buktinya']"
55,"['gw', 'gak', 'bahas', 'dki', 'debat', 'jujur', 'gw', 'udah', 'melunak', 'sama', 'anies', 'siap', 'menerima', 'kemungkinan', 'jadi', 'presiden', 'gw', 'ngomong', 'gitu', 'baca', 'ttg', 'berita', 'kontrak', 'politik', 'anyway', 'di', 'twit', 'awal', 'gw', 'dki', 'negara']"
56,"['iya', 'kok', 'disurvey', 'kok', 'unggul']"
57,"['buni', 'yani', 'mengatakan', 'memotong', 'video', 'pidato', 'ahok', 'tim', 'cybernya', 'jadi', 'ketimbang', 'anies', 'tak', 'punya', 'masa', 'lebih', 'bertanggungjawab', 'yang', 'menggerakan', 'kelompok', 'brutal', '212']"
58,"['la', 'emang', 'pengusung', 'anies', 'pkb', 'nasdem', 'oposisi']"
59,"['buzzer', 'anies', 'follower', 'ribuan', 'klo', 'tweet', 'bayar']"
60,"['bicara', 'sesuai', 'fakta', 'anies', 'lantang', 'sebut', 'lampung', 'mempunyai', 'alat', 'pemantau', 'polusi', 'udara', 'gacoan', 'anies', 'gempa', 'daesang', 'pagii', 'batter', 'up', '100m', 'views', 'pilihan', 'terbaik']"
61,"['sindir', 'anies', 'baswedan', 'apbd', 'paling', 'besar', 'kok', 'mas', 'anies', 'gagal', 'memimpin', 'jakarta', 'gacoan', 'anies', 'gempa', 'daesang', 'pagii', 'batter', 'up', '100m', 'views', 'pilihan', 'terbaik']"
62,"['anies', 'bagus', 'sebenernya', 'kuncinya', 'sih', 'ka', 'belakang', 'jg', 'ga', 'ngapa2in', 'kalau', 'aniesnya', 'busuk', 'baru', 'bahaya', 'kalau', 'presiden', 'skrg', 'ga', 'berani', 'komen', 'kasar', 'khawatir', 'knp2']"
63,"['gak', 'layak', 'jadi', 'presiden', 'pantesan', 'gak', 'pernah', 'menang', 'dulu', 'dukung', 'hanya', '2', 'pilihan', 'sekarang', 'anies', 'paling', 'layak', 'semuanya']"
64,"['dulu', 'sih', '2', 'kali', 'milih', 'sekarang', 'sih', 'udah', 'makin', 'yakin', 'pilih', 'anies']"
65,"['anies', 'baswedan', 'dituding', 'capres', 'banyak', 'janji', 'timnas', 'amin', 'janji', 'terukur']"
66,"['anies', 'baswedan', 'dituding', 'capres', 'banyak', 'janji', 'timnas', 'amin', 'janji', 'terukur']"
67,"['wkwkwk', 'pendukung', 'anies', 'kek', 'gini']"
68,"['waktu', 'debat', 'perdana', 'pak', 'anies', 'menunjukkan', 'politisi', 'intelek', 'setelan', 'jas', 'peci']"
69,"['disampaikan', 'kiky', 'malah', 'bagus', 'kok', 'justru', 'memuji', 'anies']"
70,"['terlihat', 'debat', 'anies', 'selalu', 'memilikikemampuan', 'merancang', 'menerapkan', 'solusisolusi', 'kreatif']"
71,"['selama', 'debat', 'anies', 'memiliki', 'banyak', 'solusi', 'mengenai', 'masalah', 'ketimpangan', 'terjadi', 'indonesia']"
72,"['bicara', 'sesuai', 'fakta', 'anies', 'lantang', 'sebut', 'lampung', 'mempunyai', 'alat', 'pemantau', 'polusi', 'udara', 'gacoan', 'anies', 'gempa', 'daesang', 'pagii', 'batter', 'up', '100m', 'views', 'pilihan', 'terbaik']"
73,"['sindir', 'anies', 'baswedan', 'apbd', 'paling', 'besar', 'kok', 'mas', 'anies', 'gagal', 'memimpin', 'jakarta', 'gacoan', 'anies', 'gempa', 'daesang', 'pagii', 'batter', 'up', '100m', 'views', 'pilihan', 'terbaik']"
74,"['selama', 'debat', 'nya', 'anies', 'memperkenalkan', 'programprogram', 'solusidari', 'masalah', 'ada', 'dalam', 'penididikan', 'transportasi', 'lingkungan']"
75,"['seinget', 'ku', '212', 'yang', 'datang', 'makruf', 'amin', 'sama', 'jokowi', 'anies', 'ga', 'datang', 'acara', '212', 'monas']"
78,"['anies', 'mendominasi', 'debat', 'pertama', 'retorika', 'baik', 'menilai', 'anies', 'punya', 'keleluasaan', 'menyerang', 'gagasan', 'kandidat', 'karena', 'mengusung', 'visi', 'perubahan']"
79,"['sama', 'sama2', 'mantan', 'napi', 'korupsi', 'jadi', 'timses', 'resmi', 'nasional', 'anies', 'ga', 'sih']"
80,"['selama', 'debat', 'berlangsung', 'anies', 'menunjukkan', 'gambaran', 'diri', 'seorang', 'terpelajar']"
81,"['haiii', 'bestie', 'disaat', 'debat', 'perdana', 'caprescawapres', 'kemaren', 'malam', 'menyisakan', 'momen', 'dramatis', 'sang', 'pangeran', 'lupa', 'kalau', 'lagi', 'berada', 'area', 'mimbar', 'debat', 'bukan', 'pertandingan', 'bola', 'sang', 'pangeran', 'ngosngosan', 'awokawokawok', 'gacoan', 'anies', 'semalem', 'ordal']"
82,"['anies', 'si', 'dablek', 'habiskan', 'uang', 'negara', '80', 'triliun', 'tak', 'atasi', 'polusi', 'jungkook', 'is', 'coming', 'olivia', 'gacoan', 'daesang', 'bangtan', 'debut', 'karina', 'wonbin', 'batter', 'up', '100m', 'views']"
83,"['ayo', 'bli', 'ketut', 'maen2', 'lah', 'jakarta', 'biar', 'merasakan', 'kemajuan', 'jakarta', 'sejak', 'dipimpin', 'anies']"
84,"['selama', 'debat', 'anies', 'tampil', 'tenang', 'menjelaskan', 'segala', 'pertanyaan', 'atas', 'permasalahan', 'dibahas', 'debat']"
85,"['dikasih', 'fakta', 'nih']"
86,"['iya', 'saya', 'jdi', 'malu', 'cari', 'presiden', 'lo', 'bukan', 'ketua', 'rt']"
87,"['debatnya', 'anies', 'hendak', 'memanfaatkan', 'tren', 'populer', 'sosial', 'media', 'menyebarluaskan', 'kritik', 'terutama', 'kritik', 'kemerdekaan', 'berpendapat']"
88,"['pak', 'anies', 'berjanji', 'warga', 'jakarta', 'u', 'menjalankan', 'amanah', 'smpai', 'tuntas', 'memimpin', 'ibu', 'kota', 'jakarta', 'apakh', 'salah', 'bang', 'kl', 'skrg', 'pak', 'anies', 'berniat', 'membawa', 'perubahan', 'apakh', 'juga', 'salah', 'tdk', 'beretika', 'bangrekam', 'jejak', 'sdh', 'terbukti', 'beliau', 'menuntaskan', 'amanah', 'memimpin', 'jkt']"
89,"['anies', 'seorang', 'pemimpin', 'memiliki', 'semangat', 'luar', 'biasa', 'terkenal', 'solusinya', 'menghadapi', 'berbagai', 'tantangan']"
90,"['anies', 'memiliki', 'kemampuan', 'eksekusi', 'implementasi', 'kebijakan', 'dilakukan', 'sungguhsungguh', 'mencapai', 'hasil', 'diharapkan']"
91,"['anies', 'contoh', 'nyata', 'seorang', 'pemimpin', 'memiliki', 'semangat', 'tak', 'tergoyahkan']"
92,"['analisa', 'mu', 'kalau', 'jujur', 'bkn', 'sebenarnya', 'sebenarnya', 'pintar', 'menganalisa', 'tp', 'si', 'buah', 'hati', 'menjadi', 'sesuai', 'hati', 'nuranisebenarnya', 'pa', 'wowo', 'sdh', 'emosi', 'tp', 'menahan', 'emosi', 'nya', 'diucapkan', 'lah', 'mas', 'aniesmas', 'anies']"
93,"['menilai', 'anies', 'berhasil', 'menjelaskan', 'permasalahan', 'muncul', 'dalam', 'debat', 'konkret']"
94,"['rekomendasi', 'buku', 'anak', 'anak', 'usia', '17', 'tahun', 'buku', 'full', 'gambarwarna', 'buat', 'koleksi', 'tag', 'besok', 'senin', 'selasa', 'rabu', 'kamis', 'jumatberkah', 'sabtu', 'malam', 'mingguan', 'malmingan', 'pagiii', 'sarapan', 'makan', 'siang', 'gacoan', 'anies', 'surabaya', 'gempa', 'olivia', 'hari', 'ibu', 'dana', 'ginting', 'desember']"
95,"['anies', 'sosok', 'memiliki', 'tekad', 'luar', 'biasa', 'menghadapi', 'rintangan', 'menghadangnya']"
96,"['anies', 'selalu', 'menunjukkan', 'keteguhan', 'tekad', 'luar', 'biasa', 'mencari', 'solusi', 'mewujudkan', 'visi', 'misinya', 'memajukan', 'daerah']"
97,"['pakar', 'komunikasi', 'politik', 'universitas', 'brawijaya', 'verdi', 'firmantoro', 'menilai', 'anies', 'capres', 'runut', 'menyampaikan', 'materi', 'debat']"
98,"['dengankomitmennya', 'perbaikan', 'pembangunan', 'anies', 'menciptakan', 'landasan', 'masa', 'depan', 'lebih', 'baik']"
99,"['takut', 'banget', 'da', 'anies', 'jadi', 'presiden', 'yang', 'berdarah', 'sumbar', 'malu', 'sama', 'kengototan', 'membela']"
100,"['waktu', 'uas', 'sadar', 'kita', 'pilih', 'sandal', 'jepit', 'bakiak', 'sama', 'buruknya', 'harus', 'tetap', 'memilih', 'sekarang', 'anies', 'lebih', 'punya', 'ide', 'gagasan', 'sandal', 'jepit', 'dititidaklkan']"
101,"['melihat', 'debat', 'menilau', 'anies', 'pemimpin', 'selalu', 'memiliki', 'solusi', 'menghadapi', 'berbagai', 'rintangan']"
102,"['sangat', 'terlihat', 'debat', 'capres', '2024', 'anies', 'baswedan', 'capres', 'bisa', 'menjawab', 'pertanyaan', 'jawaban', 'memuaskan']"
103,"['gabisa', 'cari', 'kesalahan', 'anies', 'sampe', 'kesalahan', 'pendukungnya', 'dicari', 'mo', 'milih', 'presiden', 'mo', 'milih', 'pendukungnya']"
104,"['semua', 'omongan', 'anies', 'ngibul', 'program', 'programnya', 'amburadul', 'jungkook', 'is', 'coming', 'olivia', 'gacoan', 'daesang', 'bangtan', 'debut', 'karina', 'wonbin', 'batter', 'up', '100m', 'views']"
105,"['debat', 'capres', 'anies', 'baswedan', 'menatidakpi', 'pernyataan', 'argumen', 'sangat', 'berbobot', 'tentunya', 'memuaskan', 'rakyat']"
106,"['klo', 'ulama2', 'tahu', 'jejak', 'digital', 'pak', 'anies', 'waktu', 'wawancara', 'dgn', 'najwa', 'shihabselama', 'pak', 'nyapres', 'tdk', 'maju', 'nyapresternyata', 'waktu', 'debat', 'memojokan', 'pak', 'mosok', 'sih', 'orang', 'ingkar', 'janji', 'gitu', 'didukung', 'tak', 'iye']"
107,"['hanya', 'pendapat', 'anggota', 'dpr', 'dr', 'psi', 'jadi', 'pegangan', 'yah', 'wakakaka', 'kamu', 'tnton', 'video', 'fullnya', 'youtube', 'justru', 'anies', 'dijegal', 'atidakrannya', 'makanya', 'tonton', 'youtube', 'selesai']"
108,"['anies', 'jago', 'debat', 'jago', 'ngeles', 'kalau', 'ditanya', 'jawabanya', 'mutar2', 'spy', 'ngeles', 'dikatakan', 'yang', 'dikerjakan', 'bajingan', 'pembohong', 'tidakk', 'beretika', 'yang', 'mengusung', 'jadi', 'gubernur', 'mata', 'najwa', 'janji', 'tidakk', 'mencalonkan', 'diri', 'jk', 'juga', 'mecalonkan', 'diri']"
109,"['ahok', 'produk', 'termasuk', 'anies']"
110,"['anies', 'the', 'legend', 'of', 'avathar', 'sang', 'pengendali', 'angin']"
111,"['iyaaasambil', 'jilatin', 'lubang', 'pantatadmin', 'socmed', 'emang', 'otaknya', 'sengklek']"
112,"['kalo', 'dibalik', 'tanya', 'pak', 'bagaimana', 'tatidakpan', 'terhadap', 'anies', 'jawab', 'sorry', 'ni', 'ye', 'asumsi', 'awokwokwok']"
113,"['anies', 'baswedan', 'menyebut', 'tak', 'tahan', 'menjadi', 'oposisi', 'pemerintah', 'pernyataan', 'terlontar', 'debat', 'perdana', 'capres', 'dibantah', 'partai', 'gerindra']"
114,"['anies', 'sindir', 'tak', 'tahan', 'jadi', 'oposisi', 'nusron', 'wahid', 'rekonsiliasi', 'nasional']"
115,"['resmi', 'dukungan', 'uas', 'hrs', 'pakta', 'integritas', 'harus', 'dilaksanakan', 'anies', 'baswedan']"
116,"['sehari', 'debat', 'capres', 'no', 'urut', '1', 'anies', 'baswedan', 'mengunjungi', 'ustadz', 'abdul', 'somad', 'riau', 'adapun', 'capres', 'nomor', 'urut', '2', 'subianto', 'bernyanyi', 'berjoget', 'bersama', 'alumni', 'akmil', 'presiden', 'ri', '6', 'susilo', 'bambang', 'yudhoyono']"
117,"['antara', 'anies', 'ama', 'wowo', 'emang', 'sama', 'sama', 'bego', 'apa', 'gimana', 'menolak', 'lupa']"
118,"['serangan', 'baliknya', 'anies', 'strike']"
119,"['abraham', 'samad', 'menggugat', 'terpilih', 'jd', 'presiden', 'kelleher', 'olivia', 'anies', 'adidas', 'daesang', 'gacoan', 'surabaya', 'pagii', 'gempa', 'ginting', 'dana', 'brighton', 'moldova', 'molly', 'pilihan', 'terbaik', 'first', 'lady']"
120,"['biasaaa', 'buzzer', 'mahh', 'kalo', 'gak', 'nemu', 'kelemahan', 'anies', 'akhirnya', 'bikin2', 'hasutan', 'kalo', 'etidak', 'gak', 'makan']"
121,"['ibarat', 'pertandingan', 'sepak', 'bola', 'suporter', 'kalah', 'kecewangomel', 'bahagia', 'mencari', 'cari', 'kesalahan', 'musuh', 'yang', 'dialami', 'kubu', 'pendukung', 'team', 'anies', 'yng', 'bahagia', 'ini']"
122,"['genuinely', 'nanya', 'misal', 'aku', 'pilih', 'aniesmuhaimin', 'tp', 'aku', 'ga', 'pilih', 'legislatif', 'pks', 'nasdem', 'nya', 'contoh', 'pks', 'ruu', 'nya', 'problematik', 'gitu', 'gimana']"
123,"['jelas', 'tak', 'level', 'laaah', 'mbak', 'pak', 'anies', 'tuuuh', 'capres', 'bang', 'fahri', 'cuman', 'juru', 'bicara', 'kl', 'buat', 'tweet', 'tuuuh', 'pak', 'baru', 'tuuuh', 'selevel', 'dgn', 'pak', 'aniessama2', 'capres', 'cerdas', 'dikit', 'berhusnudzon', 'napa', 'siih', 'mbak', 'kata', 'nya', 'pilpres', 'hrs', 'gembiralupa', 'yaa', 'gemoy']"
124,"['anies', 'angkuh', 'menegakan', 'hukum', 'padahal', 'para', 'pendukungnya', 'bermasalah', 'berani', 'tego', 'gacoan', 'olivia', 'jill', 'biden', 'daesang', 'gempa', 'adidas', 'surabaya', 'batter', 'up', '100m', 'views', 'pilihan', 'terbaik', 'melania', 'bangtan', 'debut']"
125,"['mmmmkayaknya', 'tidak', 'yakin', 'nih', 'sama', 'kualitas', 'capres', 'dukung', 'sehitidak', 'butuh', 'bawa2', 'nama', 'orang', 'delusi', 'anda', 'lebih', 'baik', 'anies', 'wake', 'up', 'bro', 'ikhlaskan', 'hati', 'kebaikan', 'indonesia', 'seluruhnya', 'biarkan', 'terbaik', 'yang', 'terpilih']"
126,"['anies', 'sosok', 'capres', 'tidak', 'memiliki', 'adab', 'orang', 'lebih', 'tua', 'gacoan', 'olivia', 'jill', 'biden', 'daesang', 'gempa', 'adidas', 'surabaya', 'batter', 'up', '100m', 'views', 'pilihan', 'terbaik', 'melania', 'bangtan', 'debut']"
127,"['macam', 'serangan', 'anies', 'lalu', 'anies', 'nampol', 'balik', 'woiii']"
128,"['terjadi', 'anggota', 'mrk', 'yang', 'terbunuh', 'kan', '6', 'orang', 'udah', 'terbunuh', 'ga', 'dapet', 'jabatan', 'anies', 'ga', 'nolong', 'klo', 'mrk', 'mau', 'nyoblos', 'dukung', 'cm', 'hak', 'warga', 'negara', 'mau', 'golput', 'jg', 'hak', 'mrk', 'selama', 'mrk', 'bukan', 'genocide', 'supporters', 'or', 'genocide', 'actors', 'gak', 'dikasih', 'jabatan', 'mrk', 'ga', 'bsa', 'berbuat', 'ap2']"
129,"['anies', 'selalu', 'terjebak', 'asumsi', 'pribadi', 'adanya', 'dukungan', 'bukti', 'fakta', 'gacoan', 'olivia', 'jill', 'biden', 'daesang', 'gempa', 'adidas', 'surabaya', 'batter', 'up', '100m', 'views', 'pilihan', 'terbaik', 'melania', 'bangtan', 'debut']"
130,"['ga', 'yang', 'peduli', 'org2', 'km50', 'pemuja', 'riziq', 'soalnya', 'ga', 'usah', 'menurunkan', 'suara', 'anies', 'dgn', 'org2', 'kaya', 'riziq', 'pengikutnya']"
131,"['jgn', 'suuzon', 'bang', 'orang', 'paling', 'ikhlas', 'pak', 'gak', 'mungkin', 'mainkan', 'cara2', 'kotor', 'itu', 'pak', 'ikhlas', 'kalo', 'tidak', 'terpilih', 'pak', 'ikhlas', 'klo', 'anies', 'terpilih', 'tapi', 'kok', 'aku', 'percaya', '99', 'sama', 'statemt', 'abang']"
132,"['sukasuka', 'orang', 'lah', 'mau', 'milih', 'anies', 'kaga', 'lucu', 'bgt', 'pendukung', 'anies', 'tukang', 'guilttrip', 'orang', 'liat', 'noh', 'swing', 'voters', 'belum', 'mau', 'ngevote', 'anies', 'awokwok']"
133,"['anies', 'memperlihatkan', 'kemunafikan', 'terkait', 'sikapnya', 'keberlanjutan', 'ikn', 'gacoan', 'olivia', 'jill', 'biden', 'daesang', 'gempa', 'adidas', 'surabaya', 'batter', 'up', '100m', 'views', 'pilihan', 'terbaik', 'melania', 'bangtan', 'debut']"
134,"['anies', 'sama', 'jadi', 'seolah2', 'kerja', 'sama', 'padahal', 'ngalir', 'aja']"
135,"['semoga', 'anies', 'menang', 'amin', 'aamiin', 'aminkan', 'gaes']"
136,"['agama', 'islam', 'mengajarkan', 'untuk', 'berbakti', 'kedua', 'orang', 'tua', 'dinding', 'adidas', 'karina', 'surabaya', 'anies', 'daesang', 'gempa', 'islam']"
137,"['akhirnya', 'anies', 'kena', 'batunya', 'ucapannya', 'terkait', 'udara', 'ber', 'ktp', 'gacoan', 'olivia', 'jill', 'biden', 'daesang', 'gempa', 'adidas', 'surabaya', 'batter', 'up', '100m', 'views', 'pilihan', 'terbaik', 'melania', 'bangtan', 'debut']"
138,"['celana', 'panjang', 'chino', 'pria', 'murah', 'berkualitas', 'dapatkan', 'cashback', '40', 'shopee', 'video', 'anies', 'gacoan', 'daesang', 'surabaya', 'gempa', 'ayo', 'lihat', 'videoku', 'shopee', 'video']"
139,"['jelas', 'lebih', 'pantes', 'anies']"
140,"['serangan', 'yang', 'dikerjakan', 'si', 'memed', 'hari', 'buzzer', 'ayah', 'semua', 'medsos', 'debat', 'kpu', 'serangannya', 'kalap', 'sekali', 'rl', 'ternyata', 'ada', 'hasil', 'cenderung', 'negatif', 'anies', 'pelan2', 'banyak', 'dibicarakan', 'semua', 'kalangantitik', 'cerah']"
141,"['panggung', 'debat', 'panggung', 'ny', 'sm', 'anies', 'klo', 'kalah', 'panggung', 'langsung', 'ulti', 'nya', 'pake', 'surat', 'lah', 'lah', 'lah', 'nyari', 'kuncian', 'pokoknya', 'hahahahaaa', 'badut', 'politik']"
142,"['titidaklkan', 'dukung', 'anies', 'baswedan', 'lebih', 'mampu', 'mengayomi', 'rakyat', 'indonesia', 'kedepannya']"
143,"['disinggung', 'soal', 'janji', 'tak', 'maju', 'ada', 'pilpres', 'anies', 'komitmen', 'dki']"
144,"['anies', 'memang', 'gak', 'dipercaya', 'kata2', 'nya', 'tukang', 'obral', 'janji']"
145,"['parah', 'banget', 'cantiknya', 'udah', 'gitu', 'keren', 'dukung', 'pak', 'anies', 'sempurna']"
146,"['haha', 'perjanjian', 'apa', 'membatasi', 'hak', 'orang', 'untuk', 'mengabdi', 'negara', 'emang', 'menjamin', 'hak', 'hidup', 'anies', 'baswedan', 'menyedihkan', 'sekali', 'kualitas', 'berpikirnya', 'makin', 'menurun']"
147,"['fans', 'bole', 'otak', 'pakai', 'kenyataan', 'jadi', 'hoax', 'hoax', 'kalian', 'buat', 'jd', 'kenyataan', 'nonton', 'bnyk']"
148,"['main', 'aman', 'gimana', 'sejauh', 'pikiran', 'awam', 'gw', 'jelas', 'bgt', 'kok', 'sikap', 'anies', 'ttg', 'ikn', 'apa', 'lo', 'doang', 'ga', 'faham']"
149,"['ayoviralkan', 'rekam', 'jejak', 'anies', 'rasyid', 'baswedan', 'pimpin', 'dki', 'jkt']"
150,"['nama', 'gerinda', 'jg', 'naik', 'pdhl', 'lebih', 'dr', '10th', 'lalu', 'berpasangan', 'dgn', 'mega', 'seolaholah', 'gerindra', 'lebih', 'kecil', 'dr', 'anies', 'njirrtt']"
151,"['betulcocok', 'jadi', 'bapak', 'bangsa', 'king', 'maker', 'tp', 'gak', 'cocok', 'jadi', 'presidenpresiden', 'biar', 'cocok2', 'ajaanies']"
152,"['hatihatianies', 'mendekati', 'abdsomad']"
153,"['anies', 'cerdas', 'amp', 'jujur', 'fakta']"
154,"['pada', 'takut', 'sama', 'fpi', 'dah', 'organisasinya', 'udah', 'bubar', 'kok', 'takut', 'sama', 'ideologinya', 'emang', 'power', 'sebesar', 'apa', 'pas', 'anies', 'jabat', 'jadi', 'gub', 'dki', 'ngadain', 'christmas', 'carol', 'gitu', 'mantan', 'pentolan', 'fpi', 'rusuh', 'aduh']"
155,"['ampun', 'ama', 'ni', 'orang', 'benci', 'fpi', 'hrs', 'gerombolan', 'nya', 'kena', 'anies', 'dulu', 'kena', 'tuduh', 'memobilisasi', '212', 'keluarga', 'cikeas', 'eh', 'pangeran', 'cikeas', 'kalah', 'putaran', 'pertama', 'kena', 'anies']"
156,"['selama', 'tuan', 'timbul', 'hidup', 'anies', 'gausah', 'nyapres', 'gitu', 'etikanya', 'gak', 'bicara2', 'soal', 'etika', 'kaya', 'tuan', 'plongo', 'lebih', 'fahan', 'sdh', 'menang', '2x', 'tuan', 'timbul']"
157,"['mengkaitkan', 'apbd', 'dki', 'puluhan', 'trilyun', 'dgn', 'kemampuan', 'anies', 'mengatasi', 'polusi', 'padahal', 'masalah', 'polusi', 'jkt', 'bukan', 'soal', 'duit', 'tentang', 'kewenangan', 'pemerintah', 'pusat', 'stupid', 'soal', 'lingkungan', 'yang', 'harusnya', 'dikoreksi']"
158,"['anies', 'lbh', 'baik', 'dibandingkan', 'kamu', 'hya', 'dewan', 'penjilat', 'amp', 'munafik']"
159,"['hukum', 'tegak', 'semua', 'capres', 'anies', 'singgung', 'gibran', 'paparan', 'visi', 'misi', 'soal', 'penegakan', 'hukum']"
160,"['lamongan', 'viva', 'jatim', 'naskah', 'ujian', 'kelas', 'xi', 'smk', 'muhammadiyah', 'sekaran', 'kabupaten', 'lamongan', 'terpampang', 'foto', 'calon', 'presiden', 'capres', 'anis', 'baswedan', 'naskah', 'ujian', 'mata', 'pelajaran', 'bahasa', 'inggris', 'terdapat', 'foto', 'anies', 'baswedan', 'tersebut', 'terdapat', 'poin', 'b', 'nomer', '21', '23']"
161,"['inilah', '13', 'poin', 'pakta', 'integritas', 'disepakati', 'paslon', '1', 'anies', 'baswedan', 'muhaimin', 'iskandar', 'mendapat', 'dukungan', 'ijtima', 'ulama', 'sepenuhnya']"
162,"['saha', 'ieu', 'teh', 'meuni', 'geulis', 'kitu', 'sampaikan', 'salam', 'si', 'cantik', 'dan', 'kasih', 'tahu', 'bahwasanya', 'akan', 'memilih', 'pak', 'anies', 'jadi', 'presiden', 'ri']"
163,"['desak', 'anies', 'desak', 'nya', 'bukan', 'asal', 'nama', 'biar', 'menarik', 'acara', 'orang', 'beneran', 'ngedesak', 'keras', 'depan', 'muka', 'pak', 'anies']"
164,"['kasian', 'mau', 'pilih', 'anies', 'dibully', 'emak']"
165,"['kutipan', 'anies', 'didasarkan', 'atas', 'pemberitaan', '2019', 'prioritasnya', 'membangun', 'pedestrian', 'cak', 'imin', 'beliau', 'berbicara', 'ketidaksepakatannya', 'atas', 'pemindahan', 'ibukota', 'justru', 'meneguhkan', 'stereotipe', 'kalimantan']"
166,"['2', 'hari', 'berlalu', 'anies', 'tetap', 'trending', 'twitterx', 'tanya']"
167,"['giliran', 'mas', 'anies', 'ngegas']"
168,"['anies', 'musuh', 'negara', 'wakanda', 'harapan', 'rakyat', 'indonesia', 'wakanda', 'no', 'more', 'indonesia', 'forever']"
169,"['anies', 'ga', 'menolak', 'memang', 'gerakan', 'krn', 'jokowi', 'literally', 'ga', 'yang', 'berani', 'melarang', 'krn', 'memang', 'massa', 'sedang', 'gusar', 'jelas', 'anies', 'bukan', 'inisiator', 'dalang', 'ga', 'nge', 'encourage', 'ga', 'terlibat', 'kejadian', 'sama', 'sekali']"
170,"['pak', 'pernah', 'mengusung', 'anies', 'tpi', 'ungkit', 'd', 'debat', 'terus', 'bakas', 'pak', 'anies', 'salahnya', 'ingat', 'gerindra', 'menerima', 'banyak', 'manfaat', 'saaat', 'dukung', 'anies']"
171,"['pak', 'anies', 'petugas', 'nya', 'pak', 'surya', 'lantas', 'tak', 'level', 'tuh', 'jongos', 'nya', 'yaaa', 'mbak']"
172,"['dinilai', 'sangat', 'santai', 'sangat', 'tenang', 'tak', 'terlihat', 'gugup', 'sama', 'sekali', 'bahkan', 'beberapa', 'kali', 'justru', 'berhasil', 'mencairkan', 'suasana', 'jokesnya', 'gaya', 'silat', 'gemoy', 'pasca', 'menjawab', 'pertanyaan', 'anies', 'lalu', 'diikuti', 'riuh', 'tawa', 'penonton', 'pemimpin', 'tegas']"
173,"['beginilah', 'mentah', 'dam', 'sifat', 'capres', 'anies', 'sombong', 'angkuh']"
174,"['anies', 'menang', 'pilkada', 'habib', 'rizieq', 'ga', 'minta', 'apa', 'gajadi', 'apa']"
175,"['anies', 'baswedan', 'dituding', 'capres', 'banyak', 'janji', 'timnas', 'amin', 'janji', 'terukur']"
176,"['mereka2', 'alergi', 'fpi', 'jakarta', 'menjadi', 'neraka', 'jaman', 'pak', 'anies', 'shummum', 'bukmun', 'umyun', 'fa', 'hum', 'l', 'yarjin']"
177,"['anies', 'baswedan', 'cerita', 'ustad', 'abdul', 'somad', 'heran', 'ada', 'doa', 'debat', 'capres']"
178,"['temen', 'ngoceh', 'soal', 'debat', 'pilpres', 'gw', 'jd', 'pendengar', 'baik', 'aja', 'dech', 'y', 'bagus', 'katanya', 'pak', 'anies', 'tp', 'd', 'harapkan', 'menggunakan', 'data', 'spya', 'gen', 'z', 'kosong', 'jd', 'faham', 'visi', 'misinya', 'pak', 'anies']"
179,"['nasdem', 'ajukan', 'anies', 'nasdem', 'inilah', 'pasangan', 'rekonsiliasi', 'bangsa', 'negara', 'pascaketerbelahan', 'pemilu', '2019', 'bukan', 'versi', 'fahri', 'hamzah', 'ngarang', 'pak', 'lurah', 'meneng', 'ae', 'bulan', 'ditunggu', 'tak', 'respons', 'malah', 'ab', 'hendak', 'dikriminalisasi']"
180,"['harusnya', 'mas', 'anies', 'briefing', 'dulu', 'ngomong', 'isu', 'demokrasi', 'terkait', 'oposisi', 'partai', 'pengusung', 'terutama', 'nasdem', 'pkb', 'ibarat', 'mendulang', 'air', 'kecipratan', 'muka', 'sendiri']"
181,"['pantesan', 'kalo', 'polling', 'x', 'anies', 'menang', 'mulucocok', 'jadi', 'presiden', 'medsos', 'doangnegeri', 'maya']"
182,"['bang', 'andre', 'tidak', 'beretika', 'angkuh', 'klaim', 'anies', 'jadi', 'gub', 'dki', 'gerindra', 'menapikan', 'jasa', 'jasa', 'partai', 'relawan2', 'rakyat', 'dki', 'yakin', 'kalau', 'gerindra', 'sendiri', 'ngusung', 'anies', 'gak', 'jadi']"
183,"['anies', 'menunjukan', 'keadaan', 'penegakan', 'hukum', 'dimata', 'orang', 'tua', 'korban', 'mencari', 'keadilan', 'saat', 'ini']"
184,"['mustahil', 'bro', 'nu', 'pkb', 'mau', 'dikemanain', 'anies', 'semasa', 'menjabat', 'semua', 'agama', 'kesetaraan', 'fpi', 'diem', 'ga', 'aneh', 'beras', 'bansos', 'jadi', 'bancakan', 'anak', 'buah', 'pak', 'heru', 'aja', 'kecium', 'kalo', 'anies', 'kasih', 'dana', 'lebih', 'fpi', 'ketahuan', 'viral', 'lah']"
185,"['koq', 'kamu', 'sesalkan', 'penyataan', 'anies', 'nus', 'kelakuan', 'nya', 'lah', 'ga', 'tahan', 'tolol']"
186,"['kyk', 'anies', 'udah', 'ngegolin', 'tp', 'dianulir', 'offset']"
187,"['2x', 'diperiksa', 'kpk', 'anies', 'datang', '2x', 'tidak', 'terbukti']"
188,"['kebayang', 'gak', 'kalau', 'tiba2', 'orang', 'banyak', 'pilih', 'anies', 'lalu', 'menang', 'pas', 'menang', 'baru', 'tau', 'sekelompok', 'sama', 'ormas2', 'tsb', 'apa', 'rasanya', 'mereka2', 'tertipu', '2', 'kali', 'tsb']"
189,"['berani', 'terobos', 'area', 'penegakan', 'hukum', 'paling', 'rawan', 'debat', 'capres', 'reza', 'indragiri', 'siapa', 'kapolri', 'anies']"
190,"['wkwkw', 'iya', 'kemarin2', 'kan', 'efpei', '212', 'dr', 'beritane', 'condong', 'beberapa', 'tokoh', 'intine', 'spt', 'babe', 'haekal', 'neno', 'warisman', 'fahri', 'hamzah', 'eh', 'giliran', 'tokoh2', 'lainnya', 'anies', 'baswedan', 'lsg', 'dicap', 'politik', 'identitas']"
191,"['mana', 'hebatnya', 'wowo', 'gertak', 'si', 'owe', 'ciut', 'dah', 'gk', 'aneh', 'wajah', 'perisai', 'nya', 'awokwoox']"
192,"['pantes', 'aja', 'buzzerrp', 'om', 'wowo', 'aktif', 'bngt', 'nyerang', 'anies', 'dr', 'segala', 'penjurutaunya', 'utk', 'nutupin', 'om', 'wowo', 'lg', 'ko', 'krn', 'kecapean', 'berdiri', 'wkt', 'debat', 'kmrn', 'segala', 'cara', 'nyerang', 'anies', 'tp', 'ga', 'mempan', 'akhirnya', 'ketauan', 'jg', 'om', 'wowo', 'lg', 'kurang', 'sehat', 'sehat', 'sehat', 'om', 'wowo', 'msh', 'debat', 'lain']"
193,"['kalau', 'nyerang', 'anies', 'debat', 'soal', 'politik', 'identitas', 'aku', 'sukarela', 'bakal', 'jadi', 'buzzer']"
194,"['persiapan', 'debat', 'kedua', 'amin', 'misi', 'sejahtera', 'keluarga', 'akar', 'kekuatan', 'bangsa', 'jcc', 'network', 'anies', 'pilihan', 'terbaik']"
195,"['setahuku', 'hrs', 'uas', 'ulama', 'ulama', 'bersimpati', 'anies', 'beberapa', 'bulan', 'lalu', 'sempat', 'aku', 'lihat', 'video', 'uah', 'dukung', 'anies', 'jadi', 'tidakk', 'perlu', 'heran', 'pilihan', 'bebas', 'ulama', 'banyak', 'masing', 'masing', 'punya', 'pilihan', 'beda', 'beda']"
196,"['adem', 'liat', 'nya', 'klo', 'anies', 'ngomong']"
197,"['1', 'anies', 'muhaimin', '27', '2', 'gibran', '93', '3', 'mahfud', '43']"
198,"['capres', 'no', 'urut', '1', 'anies', 'baswedan', 'menghadiri', 'diskusi', 'bersama', 'kelompok', 'disabilitas', 'se', 'jabodetabek', 'islamic', 'center', 'kotabekasijabar', 'jumat', '1512', 'hub']"
199,"['harusnya', 'bukan', 'judulnya', 'gerinda', 'bantah', 'ucapan', 'kan', 'anies', 'kutip', 'pernyataan', 'bahkan', 'vidio', 'kita', 'lihat', 'sekarang', 'banyak', 'beredar']"
200,"['dulu', 'milih', 'fpi', 'dulu', 'milih', 'jokowi', 'yang', 'jokowi', 'yang', 'pdip', 'yang', 'dulu', 'milih', 'krn', 'fpi', 'sekarang', 'gabung', 'anies', 'yang', 'dulu', 'milih', 'jokowi', 'pdip', 'sekarang', 'gabung', 'sisanya', 'gabung']"
201,"['anies', 'baswedan', 'klarifikasi', 'janjinya', 'tak', 'nyapres', 'lawan', 'singgung', 'soal', 'komitmen']"
202,"['siapa', 'pilihan', 'sebagai', 'presiden', '2024', 'anies', 'muhaimin', '900', 'gibran', '61', 'mahfud', '38', 'total', 'suara', '1302', 'klik', 'link', 'forward', 'group', 'temantemanmu', 'terima', 'kasih']"
203,"['anies', 'terlibat', 'putusan', 'membangun', 'ikn', 'sehitidak', 'beliau', 'tau', 'alasan', 'jelasnya', 'harus', 'segera', 'dibangun', 'permasalahan', 'masih', 'banyak', 'jadi', 'saya', 'malah', 'lebih', 'bijak', 'anies', 'menjawab', 'atau', 'ketika', 'ditanya', 'soal', 'ikn']"
204,"['ahok', 'ngebacot', 'kep', 'seribu', 'tahun', '2016', '212', 'ngumpul', 'dimonas', '2016', 'kena', 'anies']"
205,"['anies', 'angkuh', 'menegakan', 'hukum', 'padahal', 'para', 'pendukungnya', 'bermasalah', 'berani', 'tego', 'gacoan', 'pagii', 'batter', 'up', '100m', 'views', 'gempa', 'anies', 'kamis', 'daesang', 'pilihan', 'terbaik', 'adidas', 'moldova', 'ulama', 'dana', 'ginting', 'bengis']"
206,"['sy', 'pendukung', 'setelah', 'hasil', 'debat', 'kmrin', 'sy', 'dukung', 'anies']"
207,"['anies', 'baswedan', 'dituding', 'capres', 'banyak', 'janji', 'timnas', 'amin', 'janji', 'terukur']"
208,"['kalau', 'dibaca2', 'baik', 'tetep', 'keputusan', 'tangan', 'presiden', 'aku', 'percaya', 'pak', 'anies', 'bakalan', 'melakukan', 'merugikan', 'masyrakat', 'golongan', 'tertentu', 'tidak', 'terbukti', 'jkt', 'di', 'jkt', 'dia', 'mendukung', 'minoritas', 'membuat', 'yang', 'lain', 'emosi', 'menolak', 'adem', 'adil']"
209,"['kelen', 'gorenggoreng', 'sampah', 'mending', 'tanya', 'pak', 'aksa', 'mahmud', 'sampai', 'nama', 'pak', 'anies', 'muncul', 'pilgub', 'dki']"
210,"['anies', 'sosok', 'capres', 'tidak', 'memiliki', 'adab', 'orang', 'lebih', 'tua', 'gacoan', 'pagii', 'batter', 'up', '100m', 'views', 'gempa', 'anies', 'kamis', 'daesang', 'pilihan', 'terbaik', 'adidas', 'moldova', 'ulama', 'dana', 'ginting', 'bengis']"
211,"['klu', 'gak', 'punya', 'ambisi', 'nama', 'nya', 'mayat', 'anies', 'podo', 'wae']"
212,"['kemarin', 'topiknya', 'anies', 'terus', 'bro', 'takut', 'yah']"
213,"['gak', 'sadar', 'anies', 'dicalonkan', 'pks', 'sandiaga', 'dicalonkan', 'gerindra', 'kocak']"
214,"['anies', 'selalu', 'terjebak', 'asumsi', 'pribadi', 'adanya', 'dukungan', 'bukti', 'fakta', 'gacoan', 'pagii', 'batter', 'up', '100m', 'views', 'gempa', 'anies', 'kamis', 'daesang', 'pilihan', 'terbaik', 'adidas', 'moldova', 'ulama', 'dana', 'ginting', 'bengis']"
215,"['lalu', 'dipilih', 'sandi', 'uno', 'sekarang', 'tugas', 'selesai', 'balik', 'teman', 'lama', 'utl', 'berhadapan', 'dgn', 'orang', 'mengusung', 'waktu', 'anies', 'dititidakl', 'kwn', 'lama', '5', 'tahun', 'mencaci', 'maki', 'kerja', 'luar', 'biasa']"
216,"['baru', 'tahu', 'insiden', 'sekian', 'tahun', 'berhasil', 'diumpetin', 'publik', 'eh', 'sekarang', 'dibuka', 'sama', 'anies', 'pantes', 'sj', 'berang']"
217,"['anies', 'memperlihatkan', 'kemunafikan', 'terkait', 'sikapnya', 'keberlanjutan', 'ikn', 'gacoan', 'pagii', 'batter', 'up', '100m', 'views', 'gempa', 'anies', 'kamis', 'daesang', 'pilihan', 'terbaik', 'adidas', 'moldova', 'ulama', 'dana', 'ginting', 'bengis']"
218,"['makanya', 'kan', 'aneh', 'dipaparkan', 'anies', 'kan', 'jelas', 'indeks', 'demokrasi', 'turun', 'kebebasan', 'berpendapat', 'terkekang', 'eh', 'tiba2', 'yang', 'bilang', 'diktator', 'mengungkit', 'jasa2nya', 'anies', 'kan', 'aneh', 'jaka', 'sembung', 'bawa', 'golok']"
219,"['knp', 'kalo', 'pak', 'didukung', 'habib', 'luthfi', 'babeh', 'haikal', 'etidak', 'politik', 'identitas', 'pak', 'anies', 'didukung', 'hrs', 'sama', 'uas', 'malah', 'dibilang', 'politik', 'identitas', 'bukannya', 'semuanya', 'sama', 'aja', 'mainin', 'politik', 'identitas', 'kalo', 'gt', 'termasuk', 'pak', 'jg', 'muncul', 'adzan', 'maghrib', 'rcti']"
220,"['banyak', 'bacot', 'udah', 'melatidakr', 'etika', 'konstitusi', 'gak', 'beretika', 'debat', 'malah', 'bilang', 'anies', 'gak', 'beretika', 'rela', 'bodoh', 'asam', 'sulfat', 'badut']"
221,"['akhirnya', 'anies', 'kena', 'batunya', 'ucapannya', 'terkait', 'udara', 'ber', 'ktp', 'gacoan', 'pagii', 'batter', 'up', '100m', 'views', 'gempa', 'anies', 'kamis', 'daesang', 'pilihan', 'terbaik', 'adidas', 'moldova', 'ulama', 'dana', 'ginting', 'bengis']"
222,"['berani', 'terobos', 'area', 'penegakan', 'hukum', 'paling', 'rawan', 'debat', 'capres', 'reza', 'indragiri', 'siapa', 'kapolri', 'anies']"
223,"['anies', 'keok', 'daesang', 'adidas', 'singapura']"
224,"['fitnah', 'apa', 'fakta', 'ayo', 'jgn', 'd', 'bolak', 'balik', 'apa', 'd', 'sampekan', 'pak', 'anies', 'fakta', 'sebenarnya', 'coba', 'sebutkan', 'letak', 'fitnahnya', 'sebutkan', 'ga', 'dgn', 'data']"
225,"['kisah', 'michael', 'hart', 'pria', 'yahudi', 'amerika', 'diprotes', 'ditentang', 'umumkan', 'nama', 'nabi', 'muhammad', 'kuliah', 'umum', 'london', 'pagii', 'anies', 'ulama', 'gacoan', 'adidas', 'ordal', 'semalem', 'uncrush', 'kodai', 'daesang']"
226,"['info', 'slot', 'gacor', 'hari', 'link', 'slot', 'gacor', 'olivia', 'anies', 'prime', 'video', 'daesang', 'karina', 'dana', 'mahito', 'molly', 'islam', 'angin', 'dieng']"
227,"['liat', 'rekam', 'jejak', 'pas', 'jd', 'gubernur', 'ajasebutin', 'hrs', 'dapet', 'apa', 'dr', 'pak', 'anies']"
228,"['manteb', 'emang', 'menteri', 'baru', 'klo', 'lama', 'kan', 'korupsi', 'kader', 'nasdem', 'skrng', 'dukung', 'anies']"
229,"['pagi', 'jumat', '15', 'desember', '2023', 'pak', 'anies', 'bersama', 'disabilitaspada', 'hari', 'para', 'disabilitas', 'sejabodetabek', 'gaungkan', 'anies', 'presiden', '2024', 'islamic', 'center', 'kota', 'bekasi']"
230,"['analisis', 'linguistik', 'ekspresi', 'gaya', 'bicara', 'anies', 'debat', 'perdana']"
231,"['narasi', 'sesat', 'pas', 'anies', 'jadi', 'gub', 'jakarta', 'emang', 'dki', 'jd', 'ibukota', 'syariah', 'islam', 'justru', 'kota', 'ramah', 'seluruh', 'pemeluk', 'agama', 'ga', 'memelihara', 'kebencian', 'lihat', 'rekam', 'jejak', 'prestasi', 'amp', 'sumbangsih', 'pak', 'anies', 'jgn', 'ketipu', 'narasi', 'islamophobia', 'mcm']"
232,"['lagian', 'anis', 'ko', 'bukan', 'anies', 'awokwokwokwok']"
233,"['ajaib', 'mereka', 'paling', 'keras', 'menolak', 'rizieq', 'asosiasinya', 'anies', 'yang', 'biasanya', 'paling', 'lantang', 'pencitraan', 'progresip', 'peduli', 'kebebasan', 'berekspresi', 'demokrasi', 'ham', 'hak', 'minoritas', 'lha', 'loe', 'mau', 'diseriusi', 'bicara', 'hak', 'minoritas', 'seenaknya', 'menolak', 'hak', 'orang']"
234,"['ab', 'merespons', 'pengumuman', 'rakernas', 'nasdem', 'dengan', 'apresiasi', 'baik', 'gp', 'tetap', 'diam', 'teuku', 'umar', 'dingindingin', 'gondangdia', 'tawarkan', 'anies', 'ke', 'pak', 'lurah', 'pak', 'lurah', 'janjikan', 'jawaban', 'beberapa', 'waktu', 'kemudian', 'kalau', 'tak', 'salah', 'sebulan', 'bulan']"
235,"['cek', 'link', 'bio', 'tag', 'olivia', 'daesang', 'gacoan', 'batter', 'up', '100m', 'views', 'gempa', 'surabaya', 'anies', 'dana', '40', 'hari', 'first', 'lady', 'pilihan', 'terbaik']"
236,"['bener2', 'jadi', 'akun', 'bayaran', 'sekarang', 'haha', 'toloool']"
237,"['semakin', 'mendekati', 'pilpres', 'semakin', 'banyak', 'dukungan', 'pasangan', 'amin', 'anies', 'baswedan', 'sosok', 'tepat', 'menjadi', 'seorang', 'presiden', 'cerdas', 'tegas', 'jujur', 'berani', 'berwibawa', 'tanggungjawab', 'merakyat', 'kalo', 'gak', 'sekarang', 'kapan', 'punya', 'presiden', 'pak', 'anies']"
238,"['titidakl', 'si', 'anies', 'mau', 'tidakk', 'menjalankan', 'fakta', 'integritas', '2', 'poin', 'tersebut', 'tidak', 'semua', 'ditangan', 'anies', 'caprescabut', 'undangundang', 'atau', 'tetap', 'dijalankan']"
239,"['berlaku', 'jg', 'utk', 'menilai', 'kubu', 'dn', 'anies', 'bagian', 'mana', 'vismis', 'mrk', 'scr', 'legitimate', 'bs', 'kt', 'sandingkan', 'dgn', 'nazisme', 'apartheid', 'dn', 'islamisme', 'ala', 'isis', 'dlm', 'satu', 'kalimat']"
240,"['dulu', 'mas', 'anti', 'abud', 'anies', 'krn', 'jagoannya', 'sama2', 'nyungsep', 'sekarang', 'muji2', 'wan', 'abud', 'duh']"
241,"['anies', 'keras', 'banget', 'ternyata', 'pukulannya']"
242,"['rasa', 'keadilan', 'ditimbang', 'ini', 'anies', 'daesang', 'gacoan', 'angin', 'ordal', 'karina', 'ginting', 'first', 'lady', 'semalem', 'dieng', 'no', '1', 'no', '2', 'no', '3', 'kodai', 'putus', 'pagii', 'aikaedutoys', 'montessori', 'anak', 'pilih', 'mainan', 'lokal', 'edukasi']"
243,"['jawaban', 'anies', 'kok', 'mutrr', 'muter', 'tong', 'syetan']"
244,"['diserang', 'permasalahan', 'oposisi', 'debat', 'pertama', 'calon', 'presiden', 'budiman', 'sudjatmiko', 'anies', 'terlalu', 'arogan', 'lancang']"
245,"['kayaknya', 'pak', 'anies', 'mngkin', 'hadir', 'bakalan', 'muncul', 'pertanyaan', 'balik', 'dr', 'beliau', 'komisioner', 'dewas', 'kpk', 'soal', 'skandal', 'tidak', 'adanya', 'integritas', 'pimpinan', 'kpk', 'sendiri']"
246,"['siap', 'dulu', '2019', 'skrg', 'yang', 'lbh', 'hebat', 'pa', 'anies', 'baswedan', 'yu', 'amin', 'kan', '2024']"
247,"['prediksi', 'togel', 'china', 'pools', '15', 'desember', '2023', 'am', '9', '7', '6', '3', '0', 'cb', '2d', '7', 'amp', '9', 'top', '4d', '3017079171039713', 'top', '3d', '971397379713139', 'top', '2d', '179719371371', 'shio', 'ayam', 'twins', '11']"
248,"['kasihan', 'ya', 'pak', 'anies', 'tidakk', 'pernah', 'bilang', 'takut', 'tidak', 'punya', 'jabatan', 'nyalon', 'tiap', 'pemilu']"
249,"['atas', 'dasar', 'skill', 'beliau', 'sulit', 'ditandingi', 'maka', 'pak', 'anies', 'sangat', 'cocok', 'kita', 'pilih', 'jubir', 'presiden']"
250,"['gk', 'milih', 'emang', 'orang', 'gk', 'milih', 'anies', 'aja', 'sih']"
251,"['kelaut', 'aja', 'lo', 'ngak', 'penting', 'masih', 'banyak', 'orang', 'waras', 'dukun', 'anies']"
252,"['pakta', 'integritas', 'ditanda', 'tangani', 'anies', 'muhaimin', 'insyaallah', 'dukungan', 'berbagai', 'kalangan', 'terus', 'mengalir', 'pasangan', 'anies', 'muhaimin', 'lolos', 'putaran', '2', 'aamiin']"
253,"['ngarang', 'anak', 'mas', 'anies', 'mas', 'pernah', 'jadi', 'kepala', 'daerah']"
254,"['kalau', 'anies', 'berpolitiknya', 'sepragmatis', 'menurut', 'penglihatanku', 'sejauh', 'berarti', 'bisa', 'jadi', 'ukuran', 'observasi', 'artinya', 'umum', 'diskursus', 'intelektual', 'gak', 'laku', 'indonesia', 'pantes', 'kubu', 'sana', 'males', 'debat', 'udahlah', 'jogetin', 'aja', 'udah', 'parah', 'kondisi', 'bangsamu']"
255,"['anies', 'bagai', 'kacang', 'lupa', 'kulitnya']"
256,"['ini', 'pertanda', 'anies', 'melihat', 'diskursus', 'gagasan', 'intelektual', 'efektif', 'menaikkan', 'elektabilitasnya', 'akhirnya', 'menggunakan', 'gaya', 'lama', 'namanya', 'politik', 'pragmatis', 'keluar', 'dana', 'besar', 'end', 'goals', 'nya', 'menang', 'mau', 'ordal', 'ataupun', 'idenpol']"
257,"['pak', 'anies', 'bagus', 'dari', 'awal', 'menyerang', 'terus', 'kan', '3', 'cawapres', 'nya']"
258,"['makamah', 'konstitusi', 'mk', 'kenape', 'bermasalah', 'mulu', 'capres', 'bowo', 'buka', 'aib', 'anies', 'datengin', 'rumahnya', 'buat', 'menang', 'pilgub', 'dki', 'bowo', 'bilang', 'ga', 'nyari', 'jabatan', 'terus', 'ngapain', 'capres', '4x', 'wkwk', 'udh', 'pilihan', 'terbaik', 'nomer', 'urut', '3']"
259,"['anies', 'gak', 'pernah', 'menculik', 'kok', 'dituduh', 'penjahat', 'kocak']"
260,"['biasaa', 'semua', 'krn', 'kebakaran', 'jenggot', 'sampe', 'takut', 'setengah', 'mati', 'brarti', 'gadukung', 'anies', 'sampe', 'fitnah', 'caci', 'maki', 'ulama', 'astaghfirullah', 'inget', 'azab', 'byk2', 'istighfar', 'mending']"
261,"['mulai', 'melakukan', '1nt1m1d4si']"
262,"['berkesempatan', 'berdiskusi', 'para', 'pemuda', 'jambi', 'memiliki', 'semangat', 'perubahan', 'indonesia', 'diskusi', 'mulai', 'persoalan', 'pendidikan', 'konflik', 'agraria', 'teknologi', 'keamanan', 'data', 'hitidak', 'kebijakan', 'pembangunan', 'akan', 'diambil', 'terpilih', 'jadi', 'presiden']"
263,"['anies', 'levelnya', 'ketua', 'demo', 'protes', 'trus', 'tp', 'ga', 'ngerti', 'mssalah']"
264,"['wow', 'ini', 'benar']"
265,"['amin', 'doa', 'khusus', 'hari', 'jumat', 'segala', 'hajat', 'terkabul', 'gacoan', 'daesang', 'semalem', 'surabaya', 'ordal', 'anies', 'adidas', 'karina', 'kodai']"
266,"['w45it', 'jangan', 'ikut', 'main']"
267,"['kalau', 'dibaca2', 'baik', 'tetep', 'keputusan', 'tangan', 'presiden', 'aku', 'percaya', 'pak', 'anies', 'bakalan', 'melakukan', 'merugikan', 'masyrakat', 'golongan', 'tertentu', 'tidak', 'terbukti', 'jkt', 'di', 'jkt', 'dia', 'mendukung', 'minoritas', 'membuat', 'yang', 'lain', 'emosi', 'menolak', 'adem', 'fakta']"
268,"['andaikan', 'partaimu', 'bergabung', 'anies', 'kicauanmu', 'seperti', 'juga', 'sakit', 'hati', 'dititidakl']"
269,"['klo', 'mau', 'debatkan', 'ini', 'panjang', 'akhirnya', 'lu', 'nyalahin', 'karna', 'lu', 'pendukung', 'anies', 'masalah', 'penegakan', 'hukum', 'semraut', 'gw', 'apresiasi', 'koq', 'pernyataan', 'anies', 'klo', 'penegakkan', 'hukum', 'masih', 'kacau', 'arahnya', 'kan', 'bukan', 'kesana']"
270,"['4p4r4t', 'ikut', 'memenangkan']"
271,"['semenjak', 'ngetwit', 'anies', 'followes', 'gue', 'udah', 'nambah', '3000', 'gimana', 'dong']"
272,"['pilpres', '2024', 'tidak', 'memilih', 'subianto', 'pranowo', 'anies', 'baswedan', 'saya', 'tidak', 'golput', 'bingung', 'tah', 'ora', 'kowe']"
273,"['anies', 'debat', 'pertama', 'ngomong', 'ngelantur', 'data', 'salah', 'semua']"
274,"['bukan', 'masalah', 'tapi', 'perlu', 'dikaji', 'ulang', 'masih', 'perlu', 'atau', 'tidak', 'capres', 'punya', 'skala', 'prioritas', 'nanti', 'terpilih', 'apa', 'dulu', 'mana', 'dulu', 'perlu', 'diperbaiki', 'ini', 'anies', 'ikn', 'menjadi', 'prioritas', 'masih', 'banyak', 'permasalahan']"
275,"['link', 'anti', 'rungkad', 'olivia', 'daesang', 'gacoan', 'batter', 'up', '100m', 'views', 'gempa', 'surabaya', 'anies', 'dana', '40', 'hari', 'first', 'lady', 'pilihan', 'terbaik']"
276,"['pak', 'anies', 'sdh', 'besar', 'jadi', 'gubernur', 'belimbing', 'sayur', 'membesarkan', 'siapa']"
277,"['komunikasi', 'ab', 'sangat', 'lancar', 'dengan', 'teuku', 'umar', 'selalu', 'terkendala', 'misalnya', 'kena', 'covid', 'sebagainya', 'diam', 'tak', 'respons', '15', 'juni', '2022', 'nasdem', 'mengumumkan', 'tiga', 'nama', 'calon', 'presiden', 'no', '1', 'anies', 'no', '2', 'andika', 'no', '3']"
278,"['koleksi', 'kendaraan', 'capres', 'termiskin', 'anies', 'baswedan', 'vs', 'capres', 'terkaya', 'subianto']"
279,"['mantap', 'sih', 'pak', 'anies', 'sejauh', 'membatidakkan']"
280,"['katanya', 'pendukung', 'anies', 'cerdas2']"
281,"['krn', 'abud', 'anies', 'mengklaim', 'bangun', 'banyak', 'gereja', 'cek', 'fakta', 'kok', 'sara']"
282,"['sebagai', 'warga', 'jakarta', 'kok', 'malah', 'merasakan', 'sebaliknya', 'yaanies', 'jelas', 'membawa', 'jakarta', 'jauh', 'lebih', 'baik', 'dibanding', 'gubernur', 'sebelumnya']"
283,"['uas', 'klo', 'tahu', 'jejak', 'digital', 'anies', 'waktu', 'wawancara', 'dgn', 'najwa', 'shihabselama', 'pak', 'nyapres', 'tdk', 'nyapresdan', 'keterangan', 'dr', 'ortu', 'masalah', 'kematian', 'bocil', 'umur', '15thn', 'tdk', 'benar', 'mosok', 'sih', 'uas', 'mendukung']"
284,"['mas', 'daniel', 'mas', 'daniel', 'soal', 'pinang', 'anies', 'jadi', 'gubernur', 'disinggung2', 'giliran', 'disinggung', 'korban', 'nyawa', 'atas', 'kalahnya', 'mas', 'bowo', '2019', 'kok', 'keluar', 'ucapan', 'sampah', 'mau', 'cuci', 'tangan']"
285,"['mas', 'infonya', 'dong', 'desak', 'anies', 'semarang', 'd']"
286,"['sbrnarna', 'menarik', 'tim', 'aniespenasehat', 'ad', 'ketua', 'pemuda', 'pancasila', 'taon', '2019', 'pro', 'jokowiada', 'anggota', 'bravo', 'besutan', 'luhutmantan', 'menteri', 'agama', 'resuffle', 'fahrur', 'rozi', 'bhkn', 'baru2', 'bilang', 'tekan', 'bubarin', 'fpi', 'mkanya', 'di', 'resuffleemng', 'politik', 'berubah', 'arah', 'dlam', 'sekejap']"
287,"['capres', 'latidakr', 'ham', 'udh', 'tua', 'spt', 'anak', 'kecil', 'suka', 'joged', 'marah', 'cawapres', 'ilega', 'belimbjng', 'karbitan', 'bocil']"
288,"['terbuka', 'aja', 'anies', 'imin', 'siapa', 'aja', 'mau', 'dukung', 'gas']"
289,"['benar', 'pak', 'anies', 'kalo', 'ditatidakpi', 'makin', 'besar', 'kepala', 'si', 'fahri']"
290,"['dibuka', '6000', 'kuota', 'jadi', 'saksi', 'tps', 'terdekat', 'rumahmu', 'pemilu', '14', 'februari', '2024', 'mendatang', 'syarat', '1', 'punya', 'ktp', 'kab', 'bogor', 'benefit', '1', 'fee', 'saksi', '2', 'asuransi', 'jiwa', 'amp', 'kecelakaan', '3', 'info', 'wa', '62', '895630988838', 'izz', 'anies', 'saksi', 'tps']"
291,"['ditanyakan', 'desak', 'anies', 'selanjutnya']"
292,"['pilgub', '2017', 'anies', 'jadi', 'gelandangan']"
293,"['gw', 'lebih', 'bersyukur', 'ga', 'jadi', 'milih', 'anies', 'jd', 'nya', 'golput', 'much', 'better', 'jd', 'nya', 'milih', '02', 'wkwk']"
294,"['no', '1', 'for', 'anies', 'baswedan', 'bismillah', 'semoga', 'allah', 'memberikan', 'kekuatan', 'sangat', 'dasyat']"
295,"['ndre', 'otakmu', 'trnyata', 'cekak', 'jg', 'rupanya', 'apa', 'nunggu', 'mati', 'dl', 'br', 'anies', 'nyapreslah', 'sj', 'serakah', 'dn', 'ambisiusnya', 'klewatan', 'sdh', 'kalah', '4x', 'nyapres', 'msh', 'ambisi', 'nyapres', 'lg', 'lo', 'kira', 'indonesia', 'tdk', 'orang', 'pintar', 'mlh', 'gibran', 'bau', 'kencur', 'latidakr', 'konstitusi', 'kau', 'diam']"
296,"['suruh', 'aja', 'ungkap', 'didebat', 'kedua', 'didepan', 'anies', 'biar', 'aemua', 'tau', 'kebenaran', 'nya', 'berani', 'gak', 'kalau', 'anies', 'bicara', 'beberapa', 'kali', 'itu']"
297,"['misal', 'nih', 'misal', 'pak', 'nyalon', 'presiden', '7x', 'trus', 'kapan', 'pak', 'anies', 'nyalonin', 'presidennya', 'bukannya', 'janji', 'pak', 'anies', 'gak', 'nyalon', '2019', 'emang', 'berlaku', 'seumur', 'hidup']"
298,"['anies', 'mentri', 'dipecat', 'gubernur', 'gagal', 'banyak', 'kasus', 'apbd', 'lebih', 'pinter', 'omong', 'ga', 'kerja', 'daesang', 'gacoan']"
299,"['pernah', 'sia', 'sia', 'semua', 'perjuangan', 'pak', 'anies']"
300,"['mungkin', 'inilah', 'dimaksud', 'anies', 'ordal', 'surat', 'benar', 'pak', 'menag', 'kalau', 'benar', 'koq', 'gini']"
301,"['ulama', 'a', 'b', 'c', 'santrinya', 'deklarasi', 'dukung', 'yes', 'makin', 'byk', 'dukung', 'tak', 'terbendung', 'ulama', 'd', 'e', 'f', 'deklarasi', 'dukung', 'yes', 'satu', 'putaran', 'itjima', 'ulama', 'uas', 'dukung', 'anies', 'politik', 'identitas', 'senyumin', 'aja']"
302,"['di', 'permasalahin', 'omongannya', 'anies', 'bilang', 'selama', 'pak', 'mencalonkan', 'presiden', 'maju', 'pilpres', 'saya', 'tidak', 'mau', 'mengkhianati', 'pak', 'amp', 'knp', 'skrg', 'malah', 'maju', 'pilpres', 'brg', 'janjinya', 'mana', 'gamau', 'maju', 'pilpres', 'ada', 'maju', 'pilpres']"
303,"['waktu', 'hrs', 'dukung', 'anies', 'jakarta', 'gitu', 'saat', 'jakarta', 'jadi', 'menakutkan', 'anies', 'malah', 'beberapa', 'kali', 'datang', 'meresmikan', 'gereja']"
304,"['sp', 'kedua', 'kau', 'jadi', 'capres', 'ketiga', 'kau', 'jadi', 'gubernur', 'anies', 'baswedan', 'ab', 'siap', 'bang', 'apapun', 'pilihannya', 'sp', 'kita', 'salaman', 'sp', 'ab', 'salaman', 'sejak', 'gondangdia', 'menjalin', 'komunikasi', 'ab', 'kemudian', 'berusaha', 'menjangkau', 'pdip', 'pranowo']"
305,"['kan', 'pernyataan', 'anis', 'pilpres', '2019', 'anies', 'menjabat', 'gubernur', 'saat', 'saya', 'pendukung']"
306,"['habis', 'bikin', 'polling', 'trus', 'gali', 'kubur', 'sendiri', 'sekarang', 'kumat']"
307,"['bukan', 'menuding', 'ikuti', 'vidwo', 'die', 'bat', 'baik', 'biar', 'ga', 'gagal', 'fokus', 'anies', 'pak', 'bilang', 'saya', 'kalo', 'g', 'kuat', 'selamat', 'bagai', 'oposisi', 'berarti', 'bilang', 'pak', 'sendiri', 'ko', 'marah']"
308,"['maluuu', 'yaa', 'mett', 'emmng', 'begonoo', 'melet2koq', 'nyalahin', 'pendukung', 'anies', 'uda', '4', 'kali', 'nyalonin', 'loch', 'hetrik', 'aj', '3', 'broww', 'omgggggg']"
309,"['biarpun', 'habib', 'rizieq', 'gak', 'jadi', 'dukung', 'anies', 'mereka', 'tetap', 'gak', 'milih', 'anies', 'preketek', 'gombal', 'mukiyo']"
310,"['andre', 'tanya', 'apa', 'gak', 'sadar', 'bawasannya', 'rakyat', 'indonesia', 'mayoritas', 'suka', 'sama', 'kalau', 'probowo', 'cerdas', 'punya', 'moral', 'akhlak', 'etika', 'jadi', 'pengkhianat', 'kemarin', 'keluar', 'kabinet', 'mau', 'nyapres', 'wakilnya', 'anies', 'in', 'sya', 'allah', 'jadi', 'presiden']"
311,"['beberapa', 'lembaga', 'survey', 'bayar', 'hasilnya', 'memenangkan', 'sedemikian', 'hebatnya', 'mentekel', 'anies', 'dgn', 'berbagai', 'cara', 'licik', 'padahal', 'bakal', 'kalah', 'lambaga', 'survey', 'mereka']"
312,"['smenjak', 'pak', 'prabs', 'milih', 'gibran', 'jdi', 'wakil', 'lgsg', 'mikir2', 'lgi', 'utk', 'milih', 'siapa', 'pasca', 'debat', 'kepikiran', 'buat', 'milih', 'pak', 'anies', 'deh', 'eh', 'nongol', 'brita', 'ginian', 'auto', 'fix', 'ga', 'pilih', 'kalo', 'partai', 'banteng', 'sih', 'emg', 'udh', 'cape', 'aja', 'ama', 'tingkah', 'nyonya', 'besar', 'nya']"
313,"['jelas', 'anies', 'rasyid', 'baswedan', 'in', 'the', 'best']"
314,"['gimana', 'dah', 'mulai', 'bener', 'artinya', 'survey', 'lapangan', 'anies', 'sedang', 'meroket']"
315,"['sesungguhnya', 'maxwin', 'hanya', 'orang', 'orang', 'selalu', 'mencoba']"
316,"['ngoceh2', 'politik', 'identitas', 'pak', 'anies', 'orang2', 'kafir', 'bodoh', 'sangat', 'bodoh', 'takut', 'pak', 'anies', 'jadi', 'presiden', 'krn', 'islamophobia', 'israel', 'minded', 'padahal', 'pendeta', 'pastornya', 'mengakui', 'pluralitas', 'integritas', 'pak', 'anies', 'dijakarta', 'pasti', 'neo', 'komunis', 'main']"
317,"['anies', 'emng', 'gag', 'level', 'sama', 'penjilat', 'kekuasaan', 'sorry', 'ye', 'sorry', 'ye']"
318,"['aku', 'suka', 'part', 'cak', 'imin', 'dibelakang', 'kayaknya', 'on', 'set', 'mau', 'barengan', 'ma', 'anies', 'soal', 'gerakan']"
319,"['bentar', 'belajar', 'sama', 'anies', 'bang']"
320,"['dulu', 'abang', 'melawan', 'ketidakadilan', 'hukum', 'krn', 'dipecat', 'partainya', 'alasan', 'gua', 'ikut', 'bela', 'krn', 'benar', 'skrg', 'malah', 'mendukung', 'hasil', 'pelatidakran', 'hukum', 'etika', 'gua', 'ikut', 'membela', 'benar', 'kurang', 'tegas', 'apa', 'coba', 'sikap', 'gua', 'dlm', 'memegang', 'teguh', 'supremasi', 'hukum']"
321,"['krn', 'jg', 'sempet', 'datengin', 'markas', 'fpi', 'n', 'trnyt', 'abis', 'menang', 'pidato', 'pribumi', 'menang', 'yes', 'ma', 'dijadiin', 'wapres', 'is', 'shit', 'jkw', 'dateng', 'k', '212', 'is', 'also', 'shit', 'prabs', 'dluan', 'bawa2', 'politik', 'identitas', 'pemilu', '2014', 'is', 'also', 'shit', 'tp', 'anies', 'kena', 'konsekuensi', 'ride', 'the', 'wave', 'terima', 'aj', 'knp']"
322,"['sih', 'mudah', 'saya', 'pilih', 'kok', 'selama', 'pks', 'mendukung', 'anies', 'anies', 'didukung', 'pa', '212']"
323,"['ulama', 'tokoh', 'agama', 'semua', 'agama', 'apa', '1', 'agama', 'aja', 'god', 'mau', 'org', 'bilang', 'pilih', 'anies', 'gausa', 'takut', 'sm', 'pk', 'pk', 'kecil2', 'tp', 'serem', 'bat', 'anjer', 'aneh', 'isinya']"
324,"['kata', 'siapa', 'modali', 'anies', 'ndre', 'anies', 'sampai', 'berhutang', 'lho', 'seseorang', 'bisa', 'maju', 'pilgub', 'untungnya', 'menang', 'jadi', 'lunas', 'gk', 'perlu', 'kembalikan', 'hutang', 'modali', 'jokowi', '2012']"
325,"['faktanya', 'kalimat', 'pak', 'anies', 'sllu', 'paling', 'efisien', 'segi', 'efisiensi', 'waktu', 'kepadatan', 'informasi']"
326,"['lo', 'siapa', 'berani', 'bilang', 'sekelas', 'firli', 'ngak', 'membuktikan', 'anies', 'korupsi', 'malah', 'firli', 'terbukti', 'korupsi', 'kamu', 'belajar', 'dulu', 'benar', 'nak']"
327,"['dulu', 'simpatitapi', 'berulang', 'kali', 'merendahkan', 'pak', 'anies', 'baswedan', 'akhirnya', 'ambil', 'kesimpulan', 'orang', 'ambisius', 'segala', 'cara', 'dilakukan', 'jadi', 'presiden']"
328,"['pinter', 'retorika', 'bagus', 'bangdan', 'semu', 'orang', 'jadi', 'positif', 'titidakl', 'ragu', 'suruh', 'cek', 'faktanya', 'apa', 'sdh', 'disampaikanjadi', 'pak', 'anies', 'retorikanya', 'titidakl', 'timses', 'menjelaskan', 'faktanya']"
329,"['imigran', 'bermimpi', 'menjadi', 'ratu', 'pernah', 'menang', 'politik', 'identitas']"
330,"['hoax', 'fakta', 'ucapan', 'anies', 'soal', 'sosok', 'harun', 'bocah', 'smp', 'jadi', 'korban', 'kerusuhan', 'herannya', 'akun2', 'besar', 'pendukung', 'anies', 'ikut', 'framing', 'pembenaran', 'angin', 'bisikan', 'info', 'fakta', 'buat']"
331,"['hrs', 'dukung', 'aniesmuhaimin', 'pilpres', '2024', 'dinamis', 'hanya', 'milik', 'insan', 'politik', 'kalau', 'berpolitik', 'bilang', 'berpolitik', 'usah', 'hipokrit']"
332,"['jawab', 'anies']"
333,"['kedepannya', 'pak', 'ga', 'usah', 'ikut', 'debat', 'ga', 'usah', 'memaksakan', 'diri', 'kira', 'ga', 'datang', 'ga', 'didiskualifikasi', 'tema', 'debatnya', 'berat', 'bidangnya', 'pak', 'anies', 'bukan', 'masalah', 'pak', 'bakal', 'babak', 'belur', 'pendukungnya', 'cengeng', 'baperan']"
334,"['sama', 'visi', 'misi', 'nya', 'taro', 'lah', 'visi', 'misi', 'cuman', 'janji', 'kampanye', 'belaka', 'tp', 'gua', 'visi', 'misi', 'paling', 'realistis', 'paling', 'detail', 'gua', 'suka', 'anies', 'gak', 'takut', 'buat', 'open', 'diskusi']"
335,"['klo', 'paslon', '1', 'gua', 'gabisa', 'banyak', 'komen', 'buat', 'muhaimin', 'banyak', 'isu', 'itu', 'tunggu', 'aja', 'debat', 'cawapres', 'besok', 'cuman', 'makin', 'sini', 'kalo', 'liat', 'pemaparan', 'anies', 'gua', 'makin', 'setuju', 'sama', 'jalan', 'pemikiran', 'nya', 'dan']"
336,"['gue', 'yakin', 'bgt', 'kedepan', 'nya', 'pak', 'anies', 'membawa', 'banyak', 'perubahan', 'sih']"
337,"['desak', 'anies', 'salah', 'satu', 'event', 'paling', 'bagus', 'masa', 'pilpres', 'sekarang']"
338,"['mohon', 'jgn', 'pak', 'anies', 'kasihan', 'kalo', 'di', 'bina', 'maksud', 'di', 'binasakan']"
339,"['justru', 'kalo', 'dibanding', 'fh', 'anies', 'sepele', 'tentang', 'kebebasan', 'berfikir', 'soal', 'ilmu', 'politik', 'lapangan', 'cuma', 'fh', 'kalah', 'pamor', 'aja']"
340,"['gimana', 'emang', 'pak', 'anies', 'paling', 'terdepan']"
341,"['apa', 'di', 'sampaikan', 'pak', 'anies', 'semua', 'fakta', 'bukan', 'retorika']"
342,"['salut', 'gak', 'sih', 'lo', 'pak', 'anies', 'gak']"
343,"['anies', 'buat', 'pembangunan', 'mana', 'mana']"
344,"['subhanallah', 'allahu', 'akbar', 'makin', 'mantap', 'pilih', 'pak', 'anies']"
345,"['bang', 'andre', 'tidak', 'beretika', 'angkuh', 'klaim', 'anies', 'jadi', 'gub', 'dki', 'gerindra', 'menapikan', 'jasa', 'jasa', 'partai', 'relawan2', 'rakyat', 'dki', 'yakin', 'kalau', 'gerindra', 'sendiri', 'ngusung', 'anies', 'gak', 'jadi']"
346,"['pengamat', 'terlalu', 'mamaksakan', 'pdhl', 'sebaliknya', 'pak', 'anies', 'sebut', 'situasi', 'demokrasi', 'skrg', 'sgt2', 'memprihatinkan', 'ee', 'pakwo', 'ngamuk2', 'sampe', 'nunjuk2', 'pak', 'anies', 'belain', 'jokowi', 'aneh', 'aja', 'd', 'panggung', 'debat', 'buat', 'tp', 'kampanyekan', 'jokowi', 'terus', 'kan', 'ajaib', 'bgt', 'kan']"
347,"['anies', 'datang', 'menemui', 'surya', 'paloh', 'dua', 'tiga', 'petinggi', 'nasdem', 'lainnya', 'menemani', 'salah', 'satunya', 'bercerita', 'saya', 'mengenai', 'momen', 'surya', 'paloh', 'sp', 'nies', 'abang', 'punya', 'tawaran', 'untukmu', 'demi', 'bangsa', 'negara', 'pertama', 'kau', 'jadi', 'cawapres', 'jadi', 'capres']"
348,"['bjirrrr', 'udah', 'kek', 'buzzernya', 'anies', 'nih', 'aku', 'wkwkwk']"
349,"['anies', 'cuma', 'ngomong', 'doang']"
350,"['cuma', 'takutnya', 'pdip', 'suka', 'mencampuri', 'klo', 'pilih', 'anies', 'like', 'are', 'you', 'really', 'sure', 'tu', 'konteksnya', 'presiden', 'lho', 'urusannya', 'bukan', 'cuma', 'indonesia', 'juga', 'dunia', 'gwe', 'jujur', 'kurang', 'yakin', 'sih', 'sama', 'anies', 'kurang', 'cakap', 'omong', 'doang']"
351,"['anies', 'lucu', 'sok', 'sok', 'ngomongin', 'oposisi', 'jadi', 'oposisi', 'partai', 'dukung', 'koalisi', 'pemerintah', 'semua', 'sok', 'sok', 'ngomongin', 'demokrasi', 'pernah', 'jadi', 'kader', 'partai', 'berporses', 'partai', 'blm', 'omongan', 'nya', 'muter', 'kelakuan', 'nya', 'stag', 'gak', 'berubah', 'pragmatis']"
352,"['menurutku', 'aneh', 'orang2', 'dekat', 'termasuk', 'kader2', 'partai', 'membantah', 'penjelasan', 'disampaikan', 'anies', 'debat', 'capres', 'sesi', 'pertama', 'apa', 'apakah']"
353,"['yaa', 'kan', 'video', 'diliat', 'paham', 'etidak', 'jobdesknya', 'anies', 'kan', 'cuma', 'dijakarta', 'bukan', 'jabar', 'banten', 'sekitarnya', 'minimal', 'kalo', 'ga', 'ngerti', 'gausah', 'keras', 'kepala', 'gitu', 'loh']"
354,"['swing', 'voter', 'berhasil', 'dipengaruhi', 'melalui', 'debat', 'pertama', 'pilpres', '2024', 'tag', 'olivia', 'daesang', 'gacoan', 'batter', 'up', '100m', 'views', 'gempa', 'surabaya', 'anies', 'dana', '40', 'hari', 'first', 'lady', 'pilihan', 'terbaik']"
355,"['setauku', 'anies', 'emang', 'konstan', 'pakai', 'pendukung', 'orangorang', 'buat', 'dapetin', 'suara', 'banyak', 'pas', 'eksekusinya', 'ga', 'sesuai', 'sama', 'ideologi', 'orangorang']"
356,"['wah', 'jgn', 'pilih', 'kasih', 'gitu', 'dong', 'masak', 'cuma', 'ama', 'satu', 'aliran', 'agama', 'aja', 'ama', 'aliran', 'agama', 'lain', 'dong', 'biar', 'makin', 'toleran', 'kan', 'semua', 'aliran', 'agama', 'perlu', 'diperhatikan', 'kan', 'bapak', 'anies']"
357,"['siapa', 'bilang', 'nurun', 'ad', 'pindah', 'haluan', 'sih', 'tpi', 'basis', 'suara', 'ahokers', 'tpi', 'nambah', 'suarany', 'dong', 'militan', 'akar', 'rumput', 'islam', 'konservatif', 'itu', 'trbagi', 'seluruh', 'indonesia', 'kmrin', 'uas', 'udah', 'prnyataan', 'skap', 'makin', 'nambah', 'suara', 'anies', 'nurun', 'cma', 'suara', 'non', 'muslim', 'komunis']"
358,"['bahan', 'etidakk', 'nder', 'tergantung', 'sikap', 'jokowi', 'ntar', 'gimana', 'kalau', 'mega', 'sakit', 'hati', 'keknya', 'langsung', 'allin', 'anies']"
359,"['yusuf', 'martak', 'dkk', 'anies', 'bukan', 'siapasiapa', 'sebagian', 'besar', 'pendukung', 'anies', 'dari', 'kelompok', 'islam', 'politik']"
360,"['menegaskan', 'pemberantasan', 'korupsi', 'tidak', 'cukup', 'kata', 'kata', 'perlu', 'tindakan', 'tag', 'olivia', 'daesang', 'gacoan', 'batter', 'up', '100m', 'views', 'gempa', 'surabaya', 'anies', 'dana', '40', 'hari', 'first', 'lady', 'pilihan', 'terbaik']"
361,"['anak', 'bersekolah', 'smp', 'paham', 'apa', 'yang', 'disampaikan', 'anies', 'baswedan', 'kalau', 'mau', 'tanya', 'akan', 'tunjukkan', 'anda']"
362,"['melibatkan', 'masyarakat', 'pengambilan', 'kebijakan', 'merupakan', 'ciri', 'penerapan', 'demokrasi', 'ala', 'tag', 'olivia', 'daesang', 'gacoan', 'batter', 'up', '100m', 'views', 'gempa', 'surabaya', 'anies', 'dana', '40', 'hari', 'first', 'lady', 'pilihan', 'terbaik']"
363,"['hari', 'pak', 'anies', 'baswedan', 'berkumpul', 'bersama', 'temanteman', 'disabilitas', 'acara', 'diskusi', 'santai', 'disabilitas', 'sejabodetabek']"
364,"['berhasil', 'meningkatkan', 'elektabilitasnya', 'capres', '2024', 'lewat', 'debat', 'pertama', 'tag', 'olivia', 'daesang', 'gacoan', 'batter', 'up', '100m', 'views', 'gempa', 'surabaya', 'anies', 'dana', '40', 'hari', 'first', 'lady', 'pilihan', 'terbaik']"
365,"['pengamat', 'politik', 'memberikan', 'nilai', '70', 'penjabarannya', 'sangat', 'ringkas', 'jelas', 'tag', 'olivia', 'daesang', 'gacoan', 'batter', 'up', '100m', 'views', 'gempa', 'surabaya', 'anies', 'dana', '40', 'hari', 'first', 'lady', 'pilihan', 'terbaik']"
366,"['mengerti', 'maksud', 'angin', 'disampaikan', 'anies', 'saja', 'menutup', 'pikiran', 'malah', 'membodohkan', 'diri', 'memilih', 'mengerti', 'maksud', 'tersebut']"
367,"['sesungguhnya', 'maxwin', 'hanya', 'orang', 'orang', 'selalu', 'mencoba']"
368,"['celana', 'panjang', 'bahan', 'wanita', 'harem', 'baggy', 'pants', 'murah', 'dapatkan', 'cashback', '40', 'shopee', 'video', 'anies', 'gacoan', 'daesang', 'gempa', 'ayo', 'lihat', 'videoku', 'shopee', 'video']"
369,"['kl', 'tanya', 'sm', 'anies', 'dipancing', 'dl', '11', 'brp', 'pak', 'kl', 'jwb', '2', 'lanjut', 'pertanyaan', 'berikutnya', 'setuju', 'tidak', 'ikn', 'kl', 'muter', 'lg', 'jwbn', 'nya', 'diulang', 'ke', 'pertanyaan', 'awal', 'ulang', 'terus', 'sampe', 'benar', 'menjawabnya']"
370,"['lalu', 'apa', 'urusannya', 'anies', 'dipinang', 'nasdem', 'sbg', 'bacapres', 'pamit', 'kpd', 'janji', 'anies', 'lunas', 'dilaksanakan', 'janji', 'itu', 'utk', 'kontestasi', '2019', 'sudah', 'dibuktikan', 'anies', 'tdk', 'ikut', 'berkontestasi', 'pd', '2019', 'lalu', 'urusannya', 'apa', 'dg', '2024', 'anies', 'hrs', 'pamit', 'mikir']"
371,"['isu', 'penarikan', 'menteri', 'pendukung', 'anies', 'kabinet', 'jokowi', 'penjelasannya']"
372,"['skrg', 'abdul', 'somad', 'dipake', 'pak', 'anies']"
373,"['menghilangkan', 'rekam', 'jejak', 'anies']"
374,"['nah', 'disini', 'anies', 'sbg', 'ketua', 'bijak', 'memberikan', 'solusi', 'kebersihan', 'lingkungan', 'menjadi', 'tanggungjawab', 'bersama', 'bisa', 'tergantung', 'satu', 'rumah', 'sementara', 'rumah', 'tdk', 'menjaga', 'kebersihan']"
375,"['jadi', 'anies', 'krn', 'angin', 'tdk', 'punya', 'ktp', 'setiap', 'wilayah', 'hendaknya', 'punya', 'monitor', 'polusi', 'udara', 'canggih', 'bisa', 'mendeteksi', 'sumber', 'pergerakan', 'angin']"
376,"['wkwkww', 'narasinya', 'salah', 'anies', 'gagal', 'konvensi', 'demokrat', 'ambil', 'jokowi', 'jubir', 'diangkat', 'mendikbud', 'buang', 'jokowi', 'kemudian', 'daftar', 'pilkada', 'minta', 'bantuan', 'gerindra', 'jadi', 'gubernur', 'selesai', 'jabatan', '5', 'tahun', 'diambil', 'sp', 'buat', 'capres', 'gak', 'berkhianatnya', 'deh']"
377,"['bener', 'kan', 'jadinya', 'dibilang', 'pak', 'anies', 'wkwk', 'nyalahin', 'angin', 'dikasus', 'wajar', 'tembak', 'menembak', 'nyalahin', 'angin', 'laen']"
378,"['berpartnerlah', 'orang', 'mau', 'diajak', 'bicara', 'anies']"
379,"['merka', 'mengatidakp', 'kontrak', 'politik', 'selamanya', 'selama', 'pak', 'capres', 'trs', 'gak', 'tau', 'smpe', 'kapan', 'kan', 'jdnya', 'wajar', 'lah', 'berasumsi', 'heheh', 'kasian', 'sbnrnya', 'sih', 'dilihat', 'selurh', 'rkyat', 'indonesia', 'jdi', 'bulann', 'anies', 'jd', 'akan', 'menyerang', 'karakter', 'menyerang', 'pribadi', 'krn', 'minim', 'gagasn']"
380,"['jadi', 'yah', 'intinya', 'fasilitas', 'ikn', 'dimanfaatin', 'buat', 'seluruh', 'masyarakat', 'indonesia', 'gacoan', 'ginting', 'olivia', 'gempa', 'daesang', 'anies', 'molly', 'surabaya', 'ahok', 'bangtan', 'debut']"
381,"['ancritga', 'level', 'dunia', 'politik', 'lu', 'pak', 'anies', 'dah', 'kebaca', 'depan', 'mata', 'klo', 'lu', 'ga', 'bakal', 'jadi', 'calo']"
382,"['prime', 'video', 'murah', 'kodai', 'uncrush', 'putus', 'angin', 'surabaya', 'pagii', 'semalem', 'anies', 'karina', 'daesang', 'olivia', 'gacoan']"
383,"['wah', 'keren', 'nih', 'dukung', 'sama', 'ustad', 'uas', 'pak', 'anies', 'pasti', 'menang', 'telak']"
384,"['ooh', 'jadi', 'anies', 'punya', 'rencana', 'menjarain', 'pejabat', 'pejabat', 'era', 'jokowi', 'kalau', 'menang', 'jadi', 'presiden', 'thanks', 'infonya']"
385,"['prediksi', 'togel', 'texas', '4d', '15', 'desember', '2023', 'angka', 'main', '7', '0', '8', '1', '5', 'cb', '2d', '5', 'amp', '8', '4d', '1580708150780851', '3d', '170817107708081', '2d', '818008107871', 'shio', 'ular', 'twins', '88']"
386,"['punya', 'prinsip', 'baik', 'koq', 'disebut', 'sombong', 'ngaji', 'lg', 'sana']"
387,"['padhal', 'mbak', 'sy', 'yakin', 'pendidikannya', 'tinggilihat', 'data', 'di', 'bicarakan', 'ttg', 'angin', 'anieskl', 'gk', 'gini', 'aja5', 'rmh', 'dr', 'tmpt', 'sy', 'sdg', 'bakar', 'sampahasap', 'nya', 'tdk', 'ke', 'arah', 'rmh', 'syangk', 'tau', 'knptiba2', 'asapnya', 'bs', 'ke', 'rmh', 'sykrn', 'angin', 'bawa', 'ituitu', 'contoh', 'simple', 'penjelasan', 'anies']"
388,"['gak', 'suka', 'ma', 'anies', 'tu', 'silahkan', 'tp', 'mbok', 'fair', 'jgn', 'standar', 'ganda', 'bin', 'hipokrit', 'gitu', 'lho', 'si', 'a', 'dulu', 'kan', 'jd', 'tumbal', 'proyek', 'na', 'pakdhe', 'gak', 'brani', 'nyelametin', 'cuma', 'dikasih', 'kursi', 'komisaris', 'buat', 'ngedem2', 'sayang', 'bnyk', 'fans', 'berat', 'na', 'buta', 'n', 'bego']"
389,"['jadi', 'inget', 'waktu', 'debat', 'capres', 'kemaren', 'berapiapi', 'bilang', 'tidak', 'punya', 'apaapa', 'mas', 'anies', 'gw', 'yang', 'nonton', 'otomatis', 'ngakak']"
390,"['tp', 'kalo', 'lolos', 'anies', 'kemungkinan', 'besar', 'suara2', 'bakal', 'lari', 'jg']"
391,"['apa', 'sih', 'bela', 'kita', 'membela', 'nilai', 'membela', 'kebenaran', 'daripada', 'netral', 'jelas', 'lebih', 'baik', 'berpihak', 'yang', 'atidakp', 'benar', 'anies', 'baswedan', 'refly', 'harun']"
392,"['lahwaktu', 'dulu', 'pilgub', 'si', 'anies', 'pake', 'cara', 'khan']"
393,"['bacot', 'lo', 'blok', 'banyak', 'buzzer', 'sm', 'ky', 'buzzer', 'anies', 'sm2', 'ngmg', 'prestasi', 'sm2', 'ngatain', 'lawan', 'tpi', 'lu', 'repost', 'cm', 'anies', 'cm', 'ngmg', 'respectliat', 'aja', 'timeline', 'sendiri', 'jgn', 'munafik', 'lo', 'bangke', 'sok', 'keras', 'lg']"
394,"['gabisa', 'cek', 'udah', 'gue', 'blokir', 'semenjak', 'menjilat', 'air', 'ludah', 'sendiri']"
395,"['guys', 'fasilitas', 'ikn', 'dibangun', 'bukan', 'cm', 'asn', 'doang', 'loooh', 'ya', 'krn', 'asn', 'pindah', 'duluan', 'pastinya', 'yang', 'pertama', 'nikmatin', 'fasilitas', 'ikn', 'gacoan', 'ginting', 'olivia', 'gempa', 'daesang', 'anies', 'molly', 'surabaya', 'ahok', 'bangtan', 'debut']"
396,"['nah', 'kok', 'ada', 'ngikutin', 'yah']"
397,"['sekjen', 'gerindra', 'pernyataan', 'anies', 'soal', 'tahan', 'jadi', 'oposisi', 'tak', 'bersumber']"
398,"['jadwal', 'kampanye', 'hari', 'anies', 'hadiri', 'diskusi', 'disabilitas', 'bekasi']"
399,"['badut', 'madrid', 'ngapain', 'ditakutin', 'wong', 'pas', 'km50', 'nggk', 'ngapa2in', 'pas', 'dibubarin', 'anies', 'tidakk', 'ngebackup', 'sama', 'sekali', 'justru', 'ngotak', 'ngatik', 'konstitusi', 'yang', 'ditakuti', 'jangan', 'dipilih', 'mana', 'yang', 'pelatidakr', 'ham']"
400,"['dipastikan', 'hoax', 'gak', 'mungkin', 'presiden', 'anies', 'bikin', 'aturan', 'syariah', 'indonesia', 'penting', 'melatidakr', 'perintah', 'agama', 'ijtihad', 'ulama', 'rahmat', 'seluruh', 'masyarakat', 'indonesia', 'solid', 'solid']"
401,"['bang', 'imam', 'kapan', 'acara', 'desak', 'anies', 'timur', 'terutama', 'papau', 'nabire']"
402,"['pantes', 'pendukungnya', 'fitnah', 'anies', 'terus', 'dipikirnya', 'warga', 'xland', 'gibran', 'apa']"
403,"['makin', 'nyungseb', 'aja', 'dah', 'akibat', 'ulahnya', 'si', 'main', 'fitnah', 'pak', 'anies']"
404,"['orang', 'kok', 'reaksi', 'berlebihan', 'bener', 'segala', 'pakta', 'pakta', 'sama', 'rizieq', 'memang', 'apa', 'sih', 'ditakutkan', 'selama', 'anies', 'menjabat', 'masalah', 'apa', 'muncul', 'mereka', 'ga', 'banyak', 'jakarta', 'jaman', 'jadi', 'mungkin', 'gw', 'gak', 'paham', 'apa', 'masalahnya']"
405,"['emang', 'bikin', 'anies']"
406,"['intinya', 'anies', 'maha', 'benar', 'apapun', 'kesalahannya', 'ada', 'jawaban', 'pembenaran', 'udah', 'aja']"
407,"['ga', 'masalah', 'fakta', 'integritas', 'justru', 'banyak', 'positif', 'nya', 'pokoknya', 'semua', 'salah', 'anies', 'titij']"
408,"['gan', 'an', 'wo', 'anies']"
409,"['cacing', 'sangat', 'takut', 'sama', 'pak', 'anies']"
410,"['dukungan', 'sih', 'sbnrnya', 'ga', 'masalah', 'bang', 'dipermasalahkan', 'pakta', 'integritas', 'beserta', 'isinya', 'kalo', 'hrs', 'pengikutnya', 'dukung', 'anies', 'terang2an', 'mengeluarkan', 'pakta', 'integritas', 'tertulis', 'gw', 'yakin', 'kalo', 'keributannya', 'ga', 'sebesar', 'sekarang']"
411,"['kalau', 'anies', 'udah', 'dipastikan', 'anies', 'kalah', 'keknya', 'koalisi', 'ntu', 'suka', 'diem', 'ketek', 'penguasa', 'soalnya', 'awokwowkowk']"
412,"['pranowo', 'menekankan', 'konsep', 'negara', 'hukum', 'substansial', 'menjamin', 'kesejahteraan', 'umum', 'negara', 'hukum', 'asing', 'dikemukakan', 'anies', 'baswedan', 'menjamin', 'konstitusional', 'nicky', 'fahrizal']"
413,"['sebenarnya', 'anies', 'memiliki', 'gagasan', 'jelas', 'jelas', 'mbulet', 'tak', 'sesuai', 'data', 'visi', 'perubahannya', 'original', 'visi', 'jelas', 'kopas', 'program', 'jokowi', 'visi', 'sangat', 'menjanjikan', 'percepatan', 'program', 'jokowi', 'utk', 'indonesia', 'emas', 'pendukungnya', 'tak', 'sejalan', 'dgn', 'jokowi']"
414,"['pak', 'anies', 'udh', 'blg', 'pak', 'bilang', 'sendiri', 'klo', 'oposisi', 'gk', 'berbisnis', 'jdi', 'jgn', 'bawa', 'alasan', 'rekonsiliasi', 'krna', 'negara', 'gk', 'lgi', 'perang', 'hahahhaa', 'bisnis', 'cuyyyy', 'bisnis']"
415,"['setahun', 'ganti', 'presiden', 'amin', 'presidennya', 'anies', 'wakil', 'cak', 'imin', 'amin', 'maju', 'negaranya', 'bahagia', 'rakyatnya', 'nomor', '1', 'pilihan', 'semua', 'amin']"
416,"['mas', 'anies', 'sih', 'nyerang', 'tendensius', 'juara', 'retorika', 'ketimuran', 'etidakk', 'kearaban']"
417,"['link', 'gacor', 'hari', 'gacoan', 'daesang', 'olivia', 'batter', 'up', '100m', 'views', 'ginting', 'gempa', 'anies', 'surabaya', 'first', 'lady', 'pilihan', 'pranowo', 'terbaik']"
418,"['si', 'kakek', 'olympus', 'meledak', 'eyangslot', 'wd', '2', 'juta', 'gacoan', 'olivia', 'daesang', 'jungkook', 'is', 'coming', 'ginting', 'bangtan', 'debut', 'adidas', 'gempa', 'anies', 'uncrush', 'bts', 'is', 'coming']"
419,"['anies', 'mah', 'emg', 'gabakalan', 'menang', 'bang', 'gw', 'jg', 'berani', 'taruhan', '1', 'm']"
420,"['namanya', 'aja', 'ketum', 'ketua', 'tantrum', 'jadi', 'dukung', 'suka', 'tantrum']"
421,"['grassroot', 'nya', 'anies', 'ini', 'lah', 'paling', 'make', 'sense']"
422,"['org', 'setres', 'gagal', 'mencerna', 'pemaparan', 'segala', 'bentuk', 'narasi', 'ilmiyahnya', 'capres', 'cerdas', 'kampung', 'kakek2', 'umur', '82', 'tahun', 'tak', 'mengenal', 'gedget', 'nonton', 'debat', 'langsung', 'bilang', 'pak', 'anies', 'memang', 'pintar', 'artinya', 'kakek2', 'kerja', 'sehari2', 'pekebun', 'lebih', 'pintar', 'yang', 'naik', 'mobil']"
423,"['mau', 'berkisah', 'bagaimana', 'nama', 'anies', 'baswedan', 'muncul', 'partai', 'nasdem', 'jadi', 'calon', 'presiden', 'singkat', 'kisah', 'dimulai', 'mei', '2022', 'ketua', 'umum', 'nasdem', 'surya', 'paloh', 'mengundang', 'gubernur', 'jakarta', 'anies', 'baswedan', 'pulau', 'tempat', 'surya', 'paloh', 'rehat', 'utas']"
424,"['awokwokwok', 'sangat', 'berbeda', 'realita', 'emosional', 'baru', 'tnyak', 'sma', 'anies', 'kyak', 'mana', 'mau', 'mimpin', 'negara', 'klo', 'bgtu']"
425,"['survei', 'ipsos', '1529', 'nov', 'gibran', 'melonjak', '11', 'mahfud', 'turun', '9', 'amp', 'aniesmuhaimin', 'turun', '6', 'dibanding', 'survei', '1719', 'okto', 'abmi', '2891', 'gt', '2213', 'gpmmd', '3198', 'gt', '2295', 'psgrr', '3132', 'gt', '4266', 'undecided', '779', 'gt', '1226']"
426,"['bapaknya', 'aja', 'jelassin', 'logika', 'paling', 'sederhana', 'aja', 'ma', 'pak', 'anies', 'susah', 'nangkep', 'palagi', 'tim', 'horenya']"
427,"['dukungan', 'sih', 'sbnrnya', 'ga', 'masalah', 'bang', 'dipermasalahkan', 'pakta', 'integritas', 'beserta', 'isinya', 'kalo', 'hrs', 'pengikutnya', 'dukung', 'anies', 'terang2an', 'mengeluarkan', 'pakta', 'integritas', 'tertulis', 'gw', 'yakin', 'kalo', 'keributannya', 'ga', 'sebesar', 'sekarang']"
428,"['pak', 'anies', 'menjabat', 'masih', 'persekusi', 'itu', 'kalo', 'dan', 'membiarkan', 'berhak', 'cemas', 'tp', 'tidak', 'perlu', 'mencegah', 'orang', 'punya', 'kepentingan', 'bisnis', 'berkuasa']"
429,"['fpi', 'pp', 'jadi', 'polisi', 'syariah', 'langsung', 'bawah', 'ym', 'anies', 'top']"
430,"['anies', 'si', 'capres', 'penipu', 'penebar', 'janji', 'angin', 'sorgawi', 'layak', 'jadi', 'presiden', 'gacoan', 'pagii', 'olivia', 'surabaya', 'pilihan', 'terbaik', 'gpt45', 'adidas', 'gempa']"
431,"['nah', 'kan', 'anies', 'emang', 'punya', 'data', 'bahasa', 'metafora', 'ga', 'mudah', 'dipahami', 'sama', 'orang', 'kekurangan', 'gizi', 'sama', 'lulusan', 'sd', 'kaya', 'pendukung', 'nya', 'cocok', 'dikasih', 'program', 'susu', 'sama', 'makan', 'siang', 'gratis']"
432,"['wonogiri', 'baliho', 'pragib', 'dirusak', 'kok', 'banyak', 'ga', 'semua', 'pelakunya', 'bukan', 'pendukung', 'anies']"
433,"['anies', 'pendidikhanya', 'orang', 'bodoh', 'kerdil', 'hina', 'tidak', 'mengerti', 'susah', 'mengerti', 'apa', 'dijelaskan', 'anies', 'bahkan', 'yang', 'membenci', 'memfitnahnya', 'karena', 'cerdas', 'sesimple', 'sih', 'menjawab', 'apa', 'adanya', 'jgn', 'baperan']"
434,"['ga', 'mungkin', 'pilih', '02', 'grup', 'wa', 'emak2', 'aja', 'pada', 'benci', 'sama', 'bikin', 'trauma', 'pendukung', 'anies', 'yang', 'di', 'pilkada', 'terakhir', 'teriakan', 'ganyang', 'ahok', 'petidakl', 'leher', 'sangat', 'bikin', 'tenang', 'makanya', 'milih', 'golput', 'rela', 'mendukung', 'siapapun']"
435,"['betul', 'bos', 'krn', 'habis', 'nonton', '2', 'sisi', 'buat', 'sy', 'jd', 'gregetan', 'amp', 'ga', 'bs', 'tahan', 'lg', 'utk', 'sampaikan', 'kebenaran', 'mrk', 'jd', 'spt', 'efek', 'dr', 'capresnya', 'merasa', 'dipermalukanpadahal', 'diawali', 'capres', 'mrk', 'permalukan', 'anies', 'lbh', 'dulu', 'pantaskah', 'dlm', 'debat', 'capres', 'spt', 'seolah', 'palin', 'benar']"
436,"['nah', 'kan', 'anies', 'emang', 'punya', 'data', 'bahasa', 'metafora', 'ga', 'mudah', 'dipahami', 'sama', 'orang', 'kekurangan', 'gizi', 'sama', 'lulusan', 'sd', 'kaya', 'pendukung', 'nya', 'cocok', 'dikasih', 'program', 'susu', 'sama', 'makan', 'siang', 'gratis']"
437,"['subhanallah', 'pak', 'anies', 'mantap']"
438,"['corruption', 'watch', 'menekankan', 'anies', 'baswedan', 'pemimpin', 'dapat', 'menghadirkan', 'perubahan', 'positif', 'melalui', 'kebijakankebijakan', 'berbasis', 'kesejahteraan']"
439,"['ngomong', 'editan', 'berarti', 'gak', 'nonton', 'debat', 'tsb']"
440,"['anies', 'pernah', 'bilang', 'sesama', 'rakyat', 'indonesia', 'buat', 'apa', 'bermusuhan', 'selama', 'diajak', 'berkomunikasi', 'diajak', 'berdiskusi', 'harus', 'dijadikan', 'musuh', 'anies', 'merangkul', 'siapapun', 'termasuk', 'hrs', 'gw', 'gak', 'pernah', 'lihat', 'hrs', 'mendikte', 'anies', 'walaupun', 'beliau', 'mendukung', 'anies', 'pilgub', 'dki']"
441,"['kebalik', 'nama', 'gerindra', 'jd', 'naik', 'krn', 'anies', 'jd', 'gubernur', 'dki', 'kl', 'anies', 'gamau', 'terima', 'tawaran', 'buat', 'diusung', 'partainya', 'kyaknya', 'udh', 'nyungsep', 'partai', 'korup']"
442,"['pastikan', 'aman', 'pju', 'polda', 'banten', 'pimpin', 'pengamanan', 'kunjungan', 'calon', 'presiden', 'republik', 'indonesia', 'nomor', 'urut', '1', 'anies', 'baswedan', 'muhaimin', 'iskandar', 'kampung', 'pelelangan', 'ikan', 'kronjo', 'jumat', '0112', 'polda', 'banten']"
443,"['utk', 'kawan2', 'ku', 'skrg', 'lg', 'ngebantu', 'anies', 'dlm', 'kapasitas', 'apa', 'stand', 'fast', 'amp', 'hold', 'your', 'ground', 'jgn', 'mundur', 'krn', 'borok', 'ny', 'caprescawapres', 'lo', 'pd', 'lg', 'dikulik2', 'namany', 'manusia', 'ad', 'salahny', 'people', 'are', 'dirty', 'ideas', 'are', 'pure', 'so', 'fight', 'for', 'their', 'ideas', 'instead']"
444,"['sya', 'jga', 'pendukung', 'pak', 'anies', 'tak', 'perlu', 'lah', 'pake', 'kata', 'ijtima', 'ulama', 'ulama', 'dukung', 'paslon', 'jga', 'banyak']"
445,"['inilah', 'bedanya', 'orang', 'cerdas', 'pintar', 'mempunyai', 'wawasan', 'kebangsaan', 'yangluas', 'baik', 'dlm', 'luar', 'negeripasti', 'banyak', 'dilirik', 'partai', 'unyuk', 'diusung', 'jangan', 'lupa', 'kakek', 'pak', 'anies', 'pahlawan', 'nasional', 'lo']"
446,"['kritik', 'jago', 'ngomong', 'sebetulnya', 'bagus', 'buat', 'pak', 'anies', 'jika', 'terpilih', 'jadi', 'presiden', 'ri', 'jadi', 'pengingat', 'bisa', 'mewujudkan', 'semua', 'janji', 'kampanye', 'mewujudkan', 'keadilan', 'semua']"
447,"['pastikan', 'aman', 'pju', 'polda', 'banten', 'pimpin', 'pengamanan', 'kunjungan', 'calon', 'presiden', 'republik', 'indonesia', 'nomor', 'urut', '1', 'anies', 'baswedan', 'muhaimin', 'iskandar', 'kampung', 'pelelangan', 'ikan', 'kronjo', 'jumat', '0112', 'polda', 'banten']"
448,"['lu', 'menang', 'ga', 'mulu', 'kakcuriga', 'gua', 'lu', 'pake', 'pesugihan']"
449,"['anies', 'baswedan', 'pendekatan', 'kebijakan', 'berbasis', 'kebutuhan', 'rakyat', 'menjadi', 'pilihan', 'jelas', 'membawa', 'indonesia', 'arah', 'lebih', 'baik']"
450,"['anies', 'baswedan', 'calon', 'presiden', 'diharapkan', 'mampu', 'menjawab', 'tantangan', 'nyata', 'programprogram', 'inovatif', 'berkesinambungan']"
451,"['anies', 'baswedan', 'dinilai', 'pemimpin', 'mampu', 'membawa', 'perubahan', 'positif', 'fokus', 'kebijakankebijakan', 'prorakyat']"
452,"['anies', 'baswedan', 'mengusung', 'semangat', 'keberlanjutan', 'programprogramnya', 'dapat', 'menjadi', 'fondasi', 'kuat', 'meningkatkan', 'kesejahteraan', 'masyarakat', 'indonesia']"
453,"['anies', 'retorikagt', 'planninggt', 'realization', 'semuanya', 'sejalan', 'cuma', 'modal', 'pencitraan']"
454,"['bilang', 'editan', 'berarti', 'ga', 'nonton', 'acara', 'debat', 'nya', 'tgl', '12122023', 'jam', '1900', '2200']"
455,"['anies', 'baswedan', 'bukan', 'sekadar', 'figur', 'politik', 'pemimpin', 'dapat', 'diandalkan', 'menghadapi', 'berbagai', 'tantangan', 'bangsa']"
456,"['anies', 'bisa', 'aminajadulu']"
457,"['anies', 'baswedan', 'pemimpin', 'terbukti', 'menjadi', 'alternatif', 'menarik', 'metidakntikan', 'kepemimpinan', 'dinilai', 'kurang', 'sukses']"
458,"['si', 'fahri', 'gonggong', 'trs', 'cuekin', 'sama', 'aniesbrekekekkk']"
459,"['hahaha', 'kadrun', 'goblok', 'semua', 'muslim', 'bedah', 'dgn', 'anies', 'rijik', 'mrk', 'muslim', 'radikal', 'mulut', 'keluar', 'anning', 'babi', 'lonte', 'mulu']"
460,"['menatidakpi', 'permasalahan', 'nasional', 'anies', 'baswedan', 'menonjolkan', 'komitmen', 'memberikan', 'solusi', 'konkretnya', 'menghindari', 'retorika', 'tindakan']"
461,"['keberhasilan', 'anies', 'baswedan', 'programprogram', 'kesejahteraan', 'menjadi', 'landasan', 'kuat', 'mendapatkan', 'dukungan', 'luas', 'masyarakat']"
462,"['anies', 'baswedan', 'diakui', 'pemimpin', 'mampu', 'mengelola', 'proyekproyek', 'nasional', 'efisiensi', 'hasil', 'memuaskan']"
463,"['cair', 'nih']"
464,"['gak', 'paham', 'jawaban', 'anies', 'gak', 'to', 'de', 'point', 'ditanya', 'mau', 'lanjutkan', 'ikn', 'titidakl', 'jawab', 'iya', 'tidak', 'mutermulu', 'biar', 'keliatan', 'intelek', 'akhirnya', 'gak', 'dijawab']"
465,"['anies', 'mimpi', 'buruk', 'besar', 'generasi', 'bangsa', 'bersatu', 'menolak', 'anies', 'gacoan', 'pagii', 'olivia', 'surabaya', 'gempa', 'gemes', 'daesang', 'pilihan', 'terbaik']"
466,"['dibandingkan', 'anies', 'baswedan', 'lebih', 'diandalkan', 'memberikan', 'solusi', 'konkret', 'masalahmasalah', 'dihadapi', 'indonesia']"
467,"['hp', 'goib', 'stok', 'menipis', 'buruan']"
468,"['anies', 'baswedan', 'calon', 'presiden', 'diapresiasi', 'fokus', 'pembangunan', 'lumbung', 'pangan', 'daerah', 'provinsi', 'nasional', 'mengatasi', 'kegagalan', 'terjadi', 'masa', 'lalu']"
469,"['anies', 'baswedan', 'hanya', 'menawarkan', 'janjijanji', 'kosong', 'programprogram', 'konkret', 'dapat', 'mengatasi', 'berbagai', 'masalah', 'indonesia']"
470,"['pakai', 'otak', 'dulu', 'singapura', 'tiap', 'tahun', 'kiriman', 'asap', 'tak', 'ber', 'ktp', 'taman', 'tibet', 'menjadi', 'contoh', 'cemana', 'masifnya', 'penambahan', 'taman', 'jakarta', 'n', 'membuktikan', 'jakarta', 'turun', 'tingkat', 'polusinya', 'parkir', 'air', 'anies', 'membuktikan', 'banjir', 'jakarta', 'separah', 'istana', 'n', 'bundaran', 'hi']"
471,"['kata', 'paling', 'menjengkelkan', 'skr', 'pendukung', 'paslon', '2', '3', 'amin', 'yuk', 'retweet', 'sebanyak', 'banyaknya', 'anies', 'cak', 'imin', 'presiden', 'insyaallah', 'amin']"
472,"['perbandingan', 'menunjukkan', 'anies', 'baswedan', 'lebih', 'fokus', 'implementasi', 'kebijakan', 'berdampak', 'positif', 'terutama', 'terkait', 'kesejahteraan', 'masyarakat']"
473,"['anies', 'baswedan', 'calon', 'presiden', 'diharapkan', 'menjauhi', 'arogansi', 'kepemimpinannya', 'sejalan', 'nilainilai', 'dipegang', 'corruption', 'watch']"
474,"['corruption', 'watch', 'menyoroti', 'anies', 'baswedan', 'lebih', 'cenderung', 'solusi', 'sekadar', 'menyalahkan', 'kegagalan', 'proyek', 'menciptakan', 'harapan', 'positif', 'masa', 'depan']"
475,"['anies', 'baswedan', 'pemimpin', 'mampu', 'memimpin', 'bijak', 'memberikan', 'solusi', 'nyata', 'permasalahan', 'kompleks']"
476,"['luar', 'biasa', 'anies']"
477,"['berdamai', 'mencegah', 'perpecahan', 'akibat', 'pilpres', '20142019', 'skrg', 'pendukung', 'anies', 'menciptakan', 'perpecahan', 'baru', 'dg', 'nyerang', 'salah', 'satunya', 'soal', 'gila', 'jabatan']"
478,"['duuh', 'sorryangua', 'bkn', 'kalian', 'gua', 'bkn', 'tipe', 'penjilat', 'pembebek', 'qiyadah', 'harus', 'cebokin', 'kepentingan', 'atas', 'melawan', 'logika', 'nurani', 'sendiri']"
479,"['jaman', 'purba', 'sampe', 'sekarang', 'hukum', 'indo', 'kek', 'kata', 'anies', 'debat', 'capres', 'kemaren', 'keknya', 'bakal', 'sampe', '100tahun', 'kedepan', 'walaupun', 'konteksnya', 'bukan', 'soal', 'pejabat', 'rakyat', 'biasa', 'intinya', 'hukum', 'indonesia', 'kek', 'tai']"
480,"['anies', 'baswedan', 'calon', 'presiden', 'diharapkan', 'menjawab', 'kritik', 'pembelian', 'pesawat', 'tempur', 'mengalokasikan', 'atidakran', 'kebutuhan', 'masyarakat']"
481,"['2019', 'pilih', 'jokowi', 'kma', '2024', 'kok', 'pilih', 'pak', 'anies', 'seumur', 'hidup', 'ikut', 'pemilu', 'gk', 'pernah', 'pilih']"
482,"['mayoritas', 'pemilih', 'anies', 'muslim', 'taat', 'wajar', 'kalau', 'minta', 'fatwa', 'ulama', 'rujukan', 'beda', 'dengan', 'mayoritas', 'nya', 'pemilih', 'nya', 'kaum', 'kepet', 'bersunat', 'bujerbujer', 'sampah', 'pemecah', 'belah']"
483,"['bahkan', 'sandi', 'uno', 'bilang', 'kalo', 'kehadiran', 'anies', 'undah', 'anugerah', 'buat', 'sandi', 'uno', 'elektabilitas', 'cman', '07', 'bersanding', 'dg', 'anies', 'namanya', 'jadi', 'dikenal', 'lebih', 'luas']"
484,"['anies', 'klo', 'mau', 'menang', 'akui', 'dulu', 'gol', 'muntari']"
485,"['siasia', 'atidakran', '80', 't', 'dibawa', 'anies', 'bersama', 'angin', 'jadi', 'gubernur', 'gagal', 'maksa', 'nyapres', 'gacoan', 'pagii', 'anies', 'gempa', 'surabaya', 'olivia', 'pilihan', 'terbaik', 'molly']"
486,"['memutuskan', 'bersama', 'dgn', 'orang2', 'dulu', 'sepaham', 'dgn', 'saya', 'untuk', 'tujuan', 'bersama', 'perubahan', 'melalui', 'seseorang', 'bernama', 'anies', 'baswedan']"
487,"['bilang', 'editan', 'gk', 'pernah', 'menonton', 'debatnya', 'molor', 'sedang', 'ngecak', 'judi', 'bola', 'otaknya', 'duit', 'akun', 'akun', 'x', 'kena', 'sogok', '02', 'membela', 'sekalipun', 'bohong', 'mesti', 'dilakukan']"
488,"['maaf', 'aku', 'gak', 'liat', 'tiktok', 'liat', 'wawancara', 'pak', 'anies', 'tahun', '2018', 'kumparan', 'liat', 'aja', 'youtube', 'kumparan', 'official', 'terimakasih']"
489,"['orang', 'punya', 'pengetahuan', 'kan', 'mengerti', 'jawaban', 'pak', 'anies', 'pembangunan', 'ikn', 'saat', 'tidak', 'lah', 'lebih', 'penting', 'pembangunan', 'sekolah', '2', 'rusak', 'transfortasi', 'rakyat', 'perbaikan', 'sektor', 'ekonomi', 'tengah', 'ekonomi', 'indonesia', 'stabil']"
490,"['mantap', 'bayarannya', 'naik', 'sekarang', 'bayar', 'serang', 'anies', 'beri', 'saran', 'anies', 'kalau', 'terlalu', 'menyerang', 'hasil', 'surveynya', 'nyungsep']"
491,"['pks', 'bilang', 'anies', 'baswedan', 'utang', 'jasa', 'warga', 'jakarta', 'bukan']"
492,"['hampir', 'mustahil', 'pelaku', 'nya', 'pendukung', 'anies', 'baswedan', 'karna', 'pun', 'merasakan', 'yang', 'sama', 'baliho', 'anies', 'kalau', 'hilang', 'dirusak', 'pdip', 'diam', 'ini', 'lae']"
493,"['abraham', 'samad', 'gugat', 'terpilih', 'jd', 'presiden', 'krn', 'latidakr', 'kode', 'etik', 'olivia', 'gacoan', 'daesang', 'batter', 'up', '100m', 'views', 'adidas', 'anies', 'surabaya', 'jungkook', 'is', 'coming', 'pagii', 'ginting', 'dana', 'bangtan', 'debut', '40', 'hari']"
494,"['pernyataan', 'corruption', 'watch', 'memberikan', 'landasan', 'anies', 'baswedan', 'pilihan', 'lebih', 'matang', 'terukur', 'kepemimpinan', 'nasional']"
495,"['pasangan', 'capres', 'mana', 'anda', 'pilih', 'pilpres', '2024', '1', 'aniesmuhaimin', '2', 'gibran', '3', 'mahfud', 'tentukan', 'pilihanmu', 'komentar', 'yaa', 'pilihan', 'terbaik', 'daesang']"
496,"['anies', 'buka', 'mata', 'hati', 'publik', 'tdk', 'sungguhsungguh', 'membangun', 'bangsa', 'mencari', 'kekuasaan', 'utk', 'kepentingan', 'bisnis', 'semata', 'terpilih', 'bangsa', 'indonesia', 'kemasa', 'suram']"
497,"['anies', 'setahu', 'gak', 'pernah', 'fitnah', 'orang', 'sering', 'memfitnah', 'pki', 'keturunannya', 'rekam', 'jejaknya', 'bagus', 'terpelajar', 'gak', 'pernah', 'membunuh', 'orang', 'taat', 'agama']"
498,"['komitmen', 'pemberantasan', 'korupsi', 'memang', 'sangat', 'luar', 'biasa', 'tag', 'gacoan', 'daesang', 'olivia', 'batter', 'up', '100m', 'views', 'ginting', 'gempa', 'anies', 'surabaya', 'first', 'lady', 'pilihan', 'pranowo', 'terbaik']"
499,"['gw', 'kadang', 'kalo', 'pas', 'rehat', 'kerja', 'liat', 'luar', 'lt', '46', 'emg', 'jakarta', 'kadang', 'polusi', 'banget', 'kadang', 'biasa', 'aja', 'dari', 'thread', 'disimpulkan', 'dikatakan', 'pak', 'anies', 'benar', 'malah', 'argumen', 'saintifik', 'gini', 'digoreng', 'sama', 'influencer2', 'even', 'komika2', 'yang', 'udh', 'dibayar']"
500,"['prejudice', 'biasa', 'padahal', 'bahasanya', 'pakta', 'integritas', 'udah', 'umum', 'lho', 'ada', 'sebutan', 'ulama', 'tokoh', 'agama', 'tokoh', 'agama', 'umum', 'lagipula', 'anies', 'bukan', 'orang', 'konservatif', 'terbukti', 'jakarta', 'walaupun', 'didukung', 'fpi', 'tetep', 'aja', 'masuk', 'kalangan', 'agama', 'manapun']"
501,"['ktp', 'sakti', 'gagasan', 'mahfud', 'tag', 'gacoan', 'daesang', 'olivia', 'batter', 'up', '100m', 'views', 'ginting', 'gempa', 'anies', 'surabaya', 'first', 'lady', 'pilihan', 'pranowo', 'terbaik']"
502,"['berarti', 'jahat', 'bukan', 'aniestapi', 'rezim', 'jokowi']"
503,"['wan', 'abud', 'avatar', 'legendaris', 'sang', 'pengendali', 'angin', 'spesialis', 'angin', 'kentut', 'gacoan', 'pagii', 'moldova', 'gempa', 'anies', 'gpt45', 'surabaya', 'first', 'lady']"
504,"['anies', 'baswedan', 'hanya', 'berbicara', 'juga', 'bertindak', 'meningkatkan', 'kesejahteraan', 'keadilan', 'sosial', 'indonesia']"
505,"['mahfud', 'menang', 'indonesia', 'sat', 'set', 'berjaya', 'tag', 'gacoan', 'daesang', 'olivia', 'batter', 'up', '100m', 'views', 'ginting', 'gempa', 'anies', 'surabaya', 'first', 'lady', 'pilihan', 'pranowo', 'terbaik']"
506,"['gede', 'omdo', 'orang', 'membiayai', 'calon', 'diusungnya', 'awalnya', 'riza', 'uno', 'eee', 'semua', 'dibebenkan', 'anies', 'harusnya', 'berterimakasih', 'anies', 'b', 'telah', 'amanah', 'memimpin', 'jakarta', 'menaikkan', 'nama', 'gerindra', 'pengusung']"
507,"['argumentasi', 'andalan', '02', 'melawan', 'anies', 'adalag', 'angin', 'ga', 'punya', 'ktp', 'padahal', 'faktanya', 'udah', 'dibeberkan', 'sebegitu', 'jelasnya', 'makes', 'sense', 'sih', 'kalo', 'dijual', 'gemoy', 'joged2', 'emang', 'doang', 'isi', 'otaknya', 'kaya', 'gini', 'mau', 'ngelanjutin', 'jokowi', 'cuih']"
508,"['berbeda', 'anies', 'baswedan', 'fokus', 'peningkatan', 'kualitas', 'hidup', 'masyarakat', 'melalui', 'programprogram', 'terukur']"
509,"['kalau', 'ditanya', '80t', 'harusnya', 'jangan', 'singgung', 'soal', 'polisi', 'aja', 'suruh', 'anies', 'bikin', 'laporan', 'keuangan', 'selama', '5', 'tahun', '80t', 'kali', '5', 'tahun', 'lalu', 'audit', 'acara', 'debat', 'tersebut']"
510,"['tiga', 'indonesia', 'lebih', 'baik', 'tag', 'gacoan', 'daesang', 'olivia', 'batter', 'up', '100m', 'views', 'ginting', 'gempa', 'anies', 'surabaya', 'first', 'lady', 'pilihan', 'pranowo', 'terbaik']"
511,"['makanya', 'susah', 'memahami', 'apa', 'disampaikam', 'anies', 'baswedan']"
512,"['buat', 'pak', 'anies', 'bukankah', 'saat', 'kd', 'gubernur', 'dki', 'adakah', 'bantuan', 'hukum', 'utk', 'keluarga', 'harun', 'al', 'rasyid', 'siapa', 'yang', 'menyuruh', 'utk', 'membawa', 'masalah', 'ke', 'acara', 'debat', 'kemaren']"
513,"['anies', 'baswedan', 'sosok', 'pemimpin', 'memahami', 'kepemimpinan', 'bukan', 'soal', 'menawarkan', 'bantuan', 'juga', 'memberikan', 'programprogram', 'konkret', 'kesejahteraan', 'keadilan', 'sosial']"
514,"['anies', 'baswedan', 'diharapkan', 'membawa', 'perubahan', 'positif', 'tata', 'kelola', 'negara', 'memberikan', 'solusi', 'konkret', 'permasalahan', 'dihadapi', 'indonesia']"
